config_id,base,requested_groups,groups,natural_spans,sample_count,total_size_bytes,max_group_size_bytes,mean_group_size_bytes,group_size_cv,min_span,max_span,group_boundaries,group_samples,group_sizes_bytes,kind
b1p05_g01,1.05,1,1,459,26857911,5.36e+17,5.36e+17,5.36e+17,0.0,506,506,506,26857911,536000000000000000,grid
b1p05_g02,1.05,2,2,459,26857911,1.93e+16,9670000000000000.0,9650000000000000.0,0.002072538860103627,424,506,424;506,26373163;484748,9630000000000000;9670000000000000,grid
b1p05_g03,1.05,3,3,459,26857911,5770000000000000.0,2010000000000000.0,1923333333333333.2,0.04421958690527929,393,506,393;446;506,24937220;1830136;90555,2010000000000000;1960000000000000;1810000000000000,grid
b1p05_g04,1.05,4,4,459,26857911,3370000000000000.0,862000000000000.0,842500000000000.0,0.020343188725225652,376,506,376;419;453;506,23258426;2983877;573544;42064,817000000000000;854000000000000;862000000000000;839000000000000,grid
b1p05_g05,1.05,5,5,459,26857911,2550000000000000.0,525000000000000.0,510000000000000.0,0.01947010445067672,367,506,367;406;435;459;506,22295454;3459958;827049;250558;24892,505000000000000;525000000000000;517000000000000;505000000000000;497000000000000,grid
b1p05_g06,1.05,6,6,459,26857911,2070000000000000.0,358000000000000.0,345000000000000.0,0.03234190377452376,360,506,360;397;421;442;463;506,21554463;3663501;1081624;407426;134132;16765,347000000000000;358000000000000;341000000000000;358000000000000;328000000000000;335000000000000,grid
b1p05_g07,1.05,7,7,459,26857911,1780000000000000.0,261000000000000.0,254285714285714.28,0.026547544608338563,354,506,354;390;411;430;445;465;506,20956668;3741168;1278590;521984;256922;89499;13080,252000000000000;260000000000000;248000000000000;255000000000000;261000000000000;242000000000000;261000000000000,grid
b1p05_g08,1.05,8,8,459,26857911,1600000000000000.0,211000000000000.0,200000000000000.0,0.03005203820042827,350,506,350;385;404;421;436;447;467;506,20585899;3645891;1418551;649247;301598;176189;71039;9497,203000000000000;199000000000000;195000000000000;205000000000000;198000000000000;198000000000000;211000000000000;190000000000000,grid
b1p05_g09,1.05,9,9,459,26857911,1470000000000000.0,172000000000000.0,163333333333333.34,0.03083816858950513,346,506,346;381;399;414;428;440;450;468;506,20216616;3589448;1539369;738414;376053;216255;124794;48963;7999,164000000000000;161000000000000;166000000000000;166000000000000;167000000000000;172000000000000;162000000000000;153000000000000;160000000000000,grid
b1p05_g10,1.05,10,10,459,26857911,1380000000000000.0,145000000000000.0,138000000000000.0,0.040670188986673274,343,506,343;378;395;409;422;434;443;452;469;506,19921184;3556051;1606787;812148;429231;239458;157277;89496;39559;6720,140000000000000;138000000000000;143000000000000;143000000000000;142000000000000;142000000000000;145000000000000;128000000000000;130000000000000;134000000000000,grid
b1p05_g11,1.05,11,11,459,26857911,1320000000000000.0,126000000000000.0,120000000000000.0,0.04445233515812303,341,506,341;376;392;405;417;428;437;444;453;470;506,19714022;3544404;1601426;844064;477154;278830;164255;114988;76704;36341;5723,126000000000000;124000000000000;123000000000000;122000000000000;124000000000000;124000000000000;113000000000000;111000000000000;115000000000000;125000000000000;114000000000000,grid
b1p05_g12,1.05,12,12,459,26857911,1260000000000000.0,112000000000000.0,105000000000000.0,0.05163465470144606,337,506,337;372;388;400;411;421;431;439;445;455;471;506,19256944;3571722;1692977;887717;567066;323162;215941;145753;94050;67300;30361;4918,101000000000000;103000000000000;107000000000000;101000000000000;110000000000000;102000000000000;111000000000000;111000000000000;95700000000000;112000000000000;110000000000000;98200000000000,grid
b1p05_g13,1.05,13,13,459,26857911,1230000000000000.0,98200000000000.0,94615384615384.61,0.03510180843654492,335,506,335;370;386;398;408;418;427;435;441;447;457;471;506,19010042;3607251;1714201;950236;570427;360316;226146;143842;108046;86868;50851;24767;4918,90300000000000;94500000000000;98100000000000;97600000000000;95400000000000;98200000000000;95600000000000;89900000000000;90400000000000;97500000000000;92900000000000;89600000000000;98200000000000,grid
b1p05_g14,1.05,14,14,459,26857911,1190000000000000.0,90400000000000.0,85000000000000.0,0.04375932920799363,334,506,334;368;384;395;405;414;422;430;437;443;448;458;472;506,18880934;3522516;1725987;954585;619894;379931;241554;173009;125745;97981;64176;44422;22937;4240,85500000000000;83700000000000;89500000000000;84700000000000;89600000000000;85200000000000;80000000000000;84700000000000;86600000000000;90400000000000;75600000000000;85200000000000;87200000000000;84600000000000,grid
b1p05_g15,1.05,15,15,459,26857911,1170000000000000.0,85100000000000.0,78000000000000.0,0.05833262890529869,333,506,333;367;382;393;402;411;419;427;434;439;444;449;459;472;506,18746688;3548766;1620816;1020950;599733;439473;265877;196316;126240;96423;77861;54760;39116;20652;4240,80800000000000;80300000000000;76300000000000;82200000000000;74900000000000;85100000000000;76100000000000;83000000000000;75100000000000;73200000000000;75500000000000;67700000000000;78800000000000;78500000000000;84600000000000,grid
b1p05_g16,1.05,16,16,459,26857911,1150000000000000.0,77100000000000.0,71875000000000.0,0.06048724654279547,332,506,332;366;381;391;400;408;416;423;430;436;441;445;450;460;473;506,18610358;3577978;1617728;974328;628968;442797;296962;200809;148482;102776;89321;64825;45617;34307;19010;3645,76400000000000;77100000000000;72500000000000;71100000000000;71200000000000;74100000000000;73400000000000;69900000000000;72700000000000;67400000000000;74800000000000;66000000000000;59200000000000;72600000000000;75900000000000;72800000000000,grid
b1p05_g17,1.05,17,17,459,26857911,1120000000000000.0,71900000000000.0,65882352941176.47,0.0601512098670458,330,506,330;363;379;389;398;406;413;420;427;433;438;442;446;452;462;474;506,18319471;3550993;1715612;1024841;670813;473682;293715;222694;166798;109381;96417;62597;60342;44276;27674;15425;3180,68200000000000;66100000000000;69700000000000;67900000000000;68900000000000;71900000000000;62700000000000;66900000000000;70500000000000;62000000000000;69700000000000;55000000000000;64500000000000;63400000000000;64600000000000;64600000000000;63500000000000,grid
b1p05_g18,1.05,18,18,459,26857911,1100000000000000.0,64600000000000.0,61111111111111.11,0.04786810390960589,328,506,328;361;377;387;395;402;409;416;422;428;434;438;442;446;452;462;474;506,17989919;3669777;1708453;1059818;656055;452931;359217;252949;176282;134499;104959;79558;62597;60342;44276;27674;15425;3180,60800000000000;62000000000000;63000000000000;63700000000000;58200000000000;56600000000000;63100000000000;62500000000000;58400000000000;59700000000000;62400000000000;57500000000000;55000000000000;64500000000000;63400000000000;64600000000000;64600000000000;63500000000000,grid
b1p05_g19,1.05,19,19,459,26857911,1090000000000000.0,61600000000000.0,57368421052631.58,0.05608972035258819,327,506,327;360;376;386;394;401;407;413;419;425;431;436;440;444;448;454;463;475;506,17808564;3745899;1703963;1073068;681066;460139;331388;245040;193176;153457;119769;85657;74969;62988;47169;33142;21692;13986;2779,57300000000000;60300000000000;59800000000000;61400000000000;57600000000000;54700000000000;52800000000000;52300000000000;55300000000000;58900000000000;61600000000000;56200000000000;59800000000000;61000000000000;55600000000000;52300000000000;53100000000000;61500000000000;55600000000000,grid
b1p05_g20,1.05,20,20,459,26857911,1080000000000000.0,59000000000000.0,54000000000000.0,0.06334713949583301,327,506,327;359;375;385;393;400;406;412;418;424;429;434;438;442;445;449;455;464;475;506,17808564;3642305;1698147;1082774;705430;472140;346052;257946;199115;160690;106714;84982;79558;62597;48318;38571;28729;20395;12105;2779,57300000000000;55800000000000;56800000000000;59000000000000;56800000000000;53500000000000;52500000000000;52500000000000;54300000000000;58700000000000;49700000000000;50600000000000;57500000000000;55000000000000;49200000000000;47700000000000;47600000000000;52500000000000;53300000000000;55600000000000,grid
b1p05_g459,1.05,459,459,459,26857911,846000000000000.0,16500000000000.0,1843137254901.9607,1.804119162764885,39,506,39;42;45;47;49;50;52;54;55;56;58;59;60;61;62;63;64;65;66;67;68;69;70;71;72;73;74;75;76;77;78;79;80;81;82;83;84;85;86;87;88;89;90;91;92;93;94;95;96;97;98;99;100;101;102;103;104;105;106;107;108;109;110;111;112;113;114;115;116;117;118;119;120;121;122;123;124;125;126;127;128;129;130;131;132;133;134;135;136;137;138;139;140;141;142;143;144;145;146;147;148;149;150;151;152;153;154;155;156;157;158;159;160;161;162;163;164;165;166;167;168;169;170;171;172;173;174;175;176;177;178;179;180;181;182;183;184;185;186;187;188;189;190;191;192;193;194;195;196;197;198;199;200;201;202;203;204;205;206;207;208;209;210;211;212;213;214;215;216;217;218;219;220;221;222;223;224;225;226;227;228;229;230;231;232;233;234;235;236;237;238;239;240;241;242;243;244;245;246;247;248;249;250;251;252;253;254;255;256;257;258;259;260;261;262;263;264;265;266;267;268;269;270;271;272;273;274;275;276;277;278;279;280;281;282;283;284;285;286;287;288;289;290;291;292;293;294;295;296;297;298;299;300;301;302;303;304;305;306;307;308;309;310;311;312;313;314;315;316;317;318;319;320;321;322;323;324;325;326;327;328;329;330;331;332;333;334;335;336;337;338;339;340;341;342;343;344;345;346;347;348;349;350;351;352;353;354;355;356;357;358;359;360;361;362;363;364;365;366;367;368;369;370;371;372;373;374;375;376;377;378;379;380;381;382;383;384;385;386;387;388;389;390;391;392;393;394;395;396;397;398;399;400;401;402;403;404;405;406;407;408;409;410;411;412;413;414;415;416;417;418;419;420;421;422;423;424;425;426;427;428;429;430;431;432;433;434;435;436;437;438;439;440;441;442;443;444;445;446;447;448;449;450;451;452;453;454;455;456;457;458;459;460;461;462;463;464;465;466;467;468;469;470;471;472;473;474;475;476;477;478;479;480;481;482;483;484;485;486;487;488;489;490;491;492;493;494;495;496;497;498;499;500;501;502;503;504;505;506,1220;957;638;475;379;357;373;406;442;346;294;358;312;429;301;322;336;715;333;322;300;538;256;585;553;228;484;480;681;456;632;629;700;356;636;634;564;591;670;706;758;710;673;791;712;840;1030;848;933;1041;1057;2107;1390;1223;1403;1207;1376;1502;1492;1517;2100;1516;1772;2326;1803;2565;2454;3088;3626;2575;3245;2092;2226;2330;2250;2431;2583;2783;2827;2986;3055;3041;3197;3349;3399;3418;3614;3488;3712;3786;3641;3596;3680;3755;3760;3971;4080;4215;4462;4305;4469;4220;4411;4529;4667;4887;4845;4884;5073;5364;5594;5615;5663;5975;6106;6367;6539;6759;7051;7121;7291;7391;7447;7656;7793;7967;8043;8318;8549;8634;8888;8796;9022;9297;9398;9666;10130;10378;10613;10998;11748;11608;12265;13348;13038;13355;13824;17816;16029;15874;16247;16659;17183;17852;18463;19343;20312;20911;21672;22729;23340;24176;24801;28434;38382;48387;53575;55963;56451;55689;55578;55294;54975;54543;55536;55605;56526;56904;57872;59300;59314;60989;61256;61279;62137;63291;64182;64726;65946;67391;68308;69306;70863;72593;75390;77997;80687;83480;86172;89190;91447;93631;95330;96509;98703;99408;101626;103980;106444;109748;112662;116025;119061;123180;125957;129512;133189;136646;140580;144244;147583;150787;154130;156731;158405;162299;164034;167060;168515;170222;172447;172926;173800;173772;174350;173835;174881;175810;176643;178094;179820;181659;184500;186500;189959;195361;203178;214973;216567;212195;211940;214399;217961;217604;217335;217201;219155;224169;225864;228627;229557;232376;230843;229772;230191;231401;232928;240618;258855;272767;281663;284142;280283;270729;259502;247174;234763;220345;205960;193298;181355;169883;159669;149607;141280;136330;134246;129108;125578;121324;118371;116493;112868;109346;104888;102274;100538;99039;95855;94246;92460;91798;90779;90991;92058;92964;94756;95288;96567;98957;101409;101980;103594;105233;105229;105539;105254;106057;106561;107118;107996;107126;106717;105450;105923;105787;105926;108637;109410;109723;109086;108841;109429;110559;110206;107938;105229;102353;99704;96473;93676;89274;86919;82556;79460;77368;75340;71462;68159;65783;63766;63703;63927;63339;64254;59026;54362;53575;51496;48675;48070;44013;40632;39624;36932;35769;34720;33096;32176;31951;31403;29830;29518;27767;25813;24527;23235;22597;21471;21388;21281;19977;18533;17119;16415;16056;16859;17602;18725;22969;20262;16865;14873;14352;16507;15122;17007;16189;12024;10019;8937;7591;7046;5759;4924;4215;3607;3178;2914;2680;2508;2285;2237;2131;1919;1840;1881;1804;1920;1663;1498;1279;997;805;678;595;465;401;388;317;271;267;213;159;155;124;108;86;74;81;83;56;50;49;42;38;41;44;33;26;22;8;15;15;7;4;1;1;1,12500;12500;12500;12500;12500;12500;12500;12500;12500;12500;12500;12500;12500;12500;12500;12500;12500;12500;12500;12500;12500;12500;12500;12500;12500;12500;12500;12500;12500;12500;12500;12500;12500;12500;12500;12500;12500;12500;12500;12500;12500;12500;12500;1630000;1470000;1730000;2130000;1750000;1930000;2160000;2190000;4340000;2860000;2520000;2900000;2490000;2830000;3090000;3080000;3130000;4320000;3130000;3650000;4780000;3720000;5270000;5040000;6340000;7450000;5290000;6660000;4310000;4580000;4800000;4630000;4990000;5300000;5710000;5810000;6140000;6270000;6250000;6570000;6880000;6980000;7020000;7420000;7160000;7610000;7780000;7480000;7390000;7550000;7710000;7710000;8160000;8370000;8650000;9150000;8840000;9170000;8660000;9060000;9300000;9580000;10000000;9940000;10000000;10400000;11000000;11500000;11500000;11600000;12300000;12500000;13100000;13400000;13900000;14500000;14600000;15000000;15200000;15300000;15700000;16000000;16300000;16500000;17100000;17500000;35400000;36400000;36100000;37000000;38100000;38500000;39600000;41500000;42500000;43500000;45100000;48100000;47600000;50300000;82000000;80100000;82100000;84900000;109000000;98500000;97600000;99800000;137000000;141000000;146000000;151000000;158000000;166000000;214000000;222000000;233000000;239000000;248000000;305000000;349000000;472000000;694000000;768000000;802000000;809000000;913000000;911000000;1020000000;1010000000;1010000000;1140000000;1140000000;1270000000;1280000000;1420000000;1460000000;1580000000;1750000000;1760000000;1880000000;2040000000;2070000000;2230000000;2390000000;2570000000;2760000000;2940000000;3120000000;3340000000;3570000000;3860000000;4310000000;4630000000;4960000000;5470000000;5850000000;6370000000;6710000000;7220000000;7710000000;8290000000;8750000000;9370000000;10000000000;10900000000;11700000000;12700000000;13500000000;14600000000;15900000000;17000000000;18600000000;19900000000;21500000000;23300000000;25100000000;26900000000;28700000000;30900000000;33100000000;35000000000;37600000000;40000000000;42800000000;45200000000;47800000000;50900000000;53500000000;56600000000;59400000000;62500000000;65500000000;69100000000;73100000000;77100000000;81300000000;86500000000;91500000000;97900000000;104000000000;111000000000;120000000000;131000000000;145000000000;153000000000;158000000000;166000000000;176000000000;188000000000;197000000000;207000000000;217000000000;230000000000;247000000000;261000000000;277000000000;292000000000;311000000000;324000000000;339000000000;356000000000;376000000000;397000000000;431000000000;487000000000;539000000000;584000000000;619000000000;641000000000;650000000000;654000000000;654000000000;652000000000;643000000000;631000000000;622000000000;612000000000;602000000000;595000000000;585000000000;580000000000;587000000000;608000000000;613000000000;627000000000;636000000000;651000000000;673000000000;684000000000;696000000000;701000000000;718000000000;741000000000;767000000000;779000000000;804000000000;828000000000;864000000000;897000000000;944000000000;1000000000000;1060000000000;1140000000000;1200000000000;1280000000000;1380000000000;1480000000000;1560000000000;1670000000000;1780000000000;1870000000000;1970000000000;2060000000000;2180000000000;2300000000000;2420000000000;2570000000000;2670000000000;2800000000000;2900000000000;3060000000000;3210000000000;3370000000000;3630000000000;3840000000000;4050000000000;4220000000000;4420000000000;4670000000000;4950000000000;5190000000000;5330000000000;5460000000000;5580000000000;5700000000000;5790000000000;5910000000000;5910000000000;6040000000000;6030000000000;6090000000000;6230000000000;6370000000000;6340000000000;6350000000000;6440000000000;6550000000000;6870000000000;7240000000000;7530000000000;8020000000000;7740000000000;7480000000000;7740000000000;7820000000000;7760000000000;8040000000000;7730000000000;7500000000000;7670000000000;7510000000000;7640000000000;7780000000000;7790000000000;7950000000000;8290000000000;8560000000000;8540000000000;8870000000000;8760000000000;8550000000000;8530000000000;8490000000000;8670000000000;8650000000000;9040000000000;9450000000000;9320000000000;9070000000000;8800000000000;8860000000000;9100000000000;10000000000000;11000000000000;12300000000000;15800000000000;14700000000000;12800000000000;11900000000000;12000000000000;14500000000000;14000000000000;16500000000000;16500000000000;12800000000000;11200000000000;10500000000000;9390000000000;9150000000000;7850000000000;7060000000000;6340000000000;5700000000000;5280000000000;5080000000000;4900000000000;4820000000000;4610000000000;4740000000000;4740000000000;4480000000000;4510000000000;4850000000000;4880000000000;5440000000000;4950000000000;4700000000000;4200000000000;3450000000000;2920000000000;2580000000000;2390000000000;1980000000000;1790000000000;1810000000000;1550000000000;1380000000000;1450000000000;1210000000000;943000000000;990000000000;832000000000;764000000000;630000000000;602000000000;695000000000;730000000000;488000000000;512000000000;538000000000;484000000000;423000000000;533000000000;560000000000;490000000000;412000000000;324000000000;113000000000;238000000000;250000000000;131000000000;138000000000;145000000000;152000000000;160000000000,natural
b1p075_g01,1.075,1,1,313,26857911,5.34e+17,5.34e+17,5.34e+17,0.0,341,341,341,26857911,534000000000000000,grid
b1p075_g02,1.075,2,2,313,26857911,1.93e+16,9830000000000000.0,9650000000000000.0,0.01917798499826088,286,341,286;341,26382525;475386,9830000000000000;9460000000000000,grid
b1p075_g03,1.075,3,3,313,26857911,5850000000000000.0,2000000000000000.0,1950000000000000.0,0.02331313110595873,264,341,264;300;341,24844548;1913014;100349,1890000000000000;1960000000000000;2000000000000000,grid
b1p075_g04,1.075,4,4,313,26857911,3360000000000000.0,871000000000000.0,840000000000000.0,0.054826566379378355,254,341,254;283;306;341,23366111;2904732;548815;38253,861000000000000;871000000000000;869000000000000;761000000000000,grid
b1p075_g05,1.075,5,5,313,26857911,2570000000000000.0,535000000000000.0,514000000000000.0,0.03352857575800406,248,341,248;274;293;309;341,22412732;3373115;792907;253131;26026,535000000000000;528000000000000;490000000000000;498000000000000;518000000000000,grid
b1p075_g06,1.075,6,6,313,26857911,2060000000000000.0,368000000000000.0,343333333333333.3,0.04600138928342576,242,341,242;267;284;298;312;341,21470919;3698103;1142423;398606;131015;16845,332000000000000;349000000000000;368000000000000;354000000000000;320000000000000;335000000000000,grid
b1p075_g07,1.075,7,7,313,26857911,1760000000000000.0,262000000000000.0,251428571428571.44,0.050360272286728035,239,341,239;263;277;290;300;314;341,21027762;3697024;1254392;525225;253159;89059;11290,262000000000000;261000000000000;244000000000000;261000000000000;260000000000000;251000000000000;225000000000000,grid
b1p075_g08,1.075,8,8,313,26857911,1590000000000000.0,214000000000000.0,198750000000000.0,0.060127891334425754,236,341,236;260;273;284;294;302;315;341,20613364;3705803;1392320;599958;295340;180505;61775;8846,207000000000000;211000000000000;203000000000000;193000000000000;196000000000000;214000000000000;188000000000000;176000000000000,grid
b1p075_g09,1.075,9,9,313,26857911,1460000000000000.0,172000000000000.0,162222222222222.22,0.061353960757695045,233,341,233;257;269;279;288;296;303;316;341,20202531;3650618;1506004;725955;361504;218271;133446;52712;6870,163000000000000;167000000000000;164000000000000;163000000000000;156000000000000;168000000000000;170000000000000;172000000000000;137000000000000,grid
b1p075_g10,1.075,10,10,313,26857911,1390000000000000.0,147000000000000.0,139000000000000.0,0.03119350127867453,231,341,231;255;266;275;284;292;298;304;316;341,19909605;3617814;1540177;789509;454340;241559;157047;97145;43845;6870,139000000000000;143000000000000;135000000000000;133000000000000;147000000000000;139000000000000;139000000000000;133000000000000;143000000000000;137000000000000,grid
b1p075_g11,1.075,11,11,313,26857911,1320000000000000.0,133000000000000.0,120000000000000.0,0.08412089964792195,230,341,230;254;265;274;282;289;295;300;306;317;341,19757099;3609012;1593046;826690;441480;249919;162425;117891;62096;32863;5390,128000000000000;133000000000000;130000000000000;129000000000000;123000000000000;116000000000000;116000000000000;121000000000000;98300000000000;115000000000000;107000000000000,grid
b1p075_g12,1.075,12,12,313,26857911,1270000000000000.0,116000000000000.0,105833333333333.33,0.05977410096259325,227,341,227;251;262;270;277;284;291;296;300;306;317;341,19252020;3633531;1711062;856725;525840;332267;217635;135803;92679;62096;32863;5390,101000000000000;108000000000000;112000000000000;100000000000000;102000000000000;107000000000000;116000000000000;104000000000000;95100000000000;98300000000000;115000000000000;107000000000000,grid
b1p075_g13,1.075,13,13,313,26857911,1220000000000000.0,101000000000000.0,93846153846153.84,0.0561327011620444,226,341,226;249;260;268;275;281;287;293;297;301;308;318;341,19070293;3501057;1747817;945646;592292;324063;233863;163723;107477;87800;54262;25300;4318,92800000000000;89800000000000;99400000000000;95900000000000;99600000000000;84100000000000;93700000000000;101000000000000;88700000000000;96800000000000;99300000000000;95400000000000;86000000000000,grid
b1p075_g14,1.075,14,14,313,26857911,1190000000000000.0,91700000000000.0,85000000000000.0,0.05772418096189158,225,341,225;248;258;265;272;278;284;289;294;298;302;309;318;341,18880312;3532420;1602005;944420;672947;401158;278183;165801;129539;103266;77239;44595;21708;4318,85400000000000;84300000000000;78800000000000;77100000000000;91100000000000;83800000000000;89700000000000;76800000000000;86100000000000;91700000000000;91600000000000;87700000000000;81900000000000;86000000000000,grid
b1p075_g15,1.075,15,15,313,26857911,1170000000000000.0,85900000000000.0,78000000000000.0,0.0766848161920415,225,341,225;248;258;265;271;277;282;287;292;296;299;303;310;319;341,18880312;3532420;1602005;944420;589075;430946;248149;187704;137973;111879;68903;64543;36900;19209;3473,85400000000000;84300000000000;78800000000000;77100000000000;74200000000000;83800000000000;69300000000000;75200000000000;79400000000000;85900000000000;65800000000000;82300000000000;78000000000000;77900000000000;69200000000000,grid
b1p075_g16,1.075,16,16,313,26857911,1150000000000000.0,79300000000000.0,71875000000000.0,0.09381024970098045,224,341,224;247;257;264;270;275;280;285;290;294;297;300;303;310;319;341,18680564;3572845;1599740;991399;608790;403767;276629;214551;156118;102382;79446;71331;40767;36900;19209;3473,78600000000000;79300000000000;73200000000000;75300000000000;71300000000000;67900000000000;66800000000000;74400000000000;77700000000000;68100000000000;65600000000000;73200000000000;52000000000000;78000000000000;77900000000000;69200000000000,grid
b1p075_g17,1.075,17,17,313,26857911,1120000000000000.0,73200000000000.0,65882352941176.47,0.06095703833815406,221,341,221;243;254;261;267;272;277;282;286;290;294;297;300;304;311;319;341,18001446;3624256;1740409;1095508;707403;463082;347074;248149;155198;121878;102382;79446;71331;49634;31102;16140;3473,61000000000000;60300000000000;64100000000000;67000000000000;66700000000000;62700000000000;67500000000000;69300000000000;57800000000000;60700000000000;68100000000000;65600000000000;73200000000000;68000000000000;70700000000000;65400000000000;69200000000000,grid
b1p075_g18,1.075,18,18,313,26857911,1100000000000000.0,67500000000000.0,61111111111111.11,0.09299533446041774,221,341,221;243;254;261;267;272;277;281;285;289;293;296;299;301;305;312;320;341,18001446;3624256;1740409;1095508;707403;463082;347074;201990;167117;128961;101508;86129;68903;40245;40069;26966;13988;2857,61000000000000;60300000000000;64100000000000;67000000000000;66700000000000;62700000000000;67500000000000;52400000000000;57900000000000;59700000000000;62800000000000;66200000000000;65800000000000;44400000000000;59000000000000;65900000000000;61000000000000;57000000000000,grid
b1p075_g19,1.075,19,19,313,26857911,1090000000000000.0,65700000000000.0,57368421052631.58,0.09478289750862029,220,341,220;242;253;260;266;271;275;279;283;287;291;294;297;299;302;306;312;320;341,17729469;3741450;1732445;1115803;748429;480636;308873;228003;185735;144188;114049;77705;79446;47555;53504;32368;21408;13988;2857,55900000000000;57900000000000;59400000000000;63400000000000;65700000000000;60500000000000;52000000000000;51200000000000;55700000000000;57800000000000;61000000000000;51700000000000;65600000000000;45400000000000;63400000000000;51200000000000;52300000000000;61000000000000;57000000000000,grid
b1p075_g20,1.075,20,20,313,26857911,1080000000000000.0,62500000000000.0,54000000000000.0,0.11881256925004602,220,341,220;242;253;259;264;269;273;277;281;285;289;292;295;298;300;302;306;312;320;341,17729469;3741450;1732445;966691;674493;514605;352334;267691;201990;167117;128961;75758;86667;70380;47511;29728;32368;21408;13988;2857,55900000000000;57900000000000;59400000000000;51100000000000;51200000000000;56100000000000;51300000000000;52000000000000;52400000000000;57900000000000;59700000000000;43600000000000;61900000000000;62500000000000;48700000000000;35200000000000;51200000000000;52300000000000;61000000000000;57000000000000,grid
b1p075_g313,1.075,313,313,313,26857911,856000000000000.0,24400000000000.0,2734824281150.1597,1.8162621652226865,26,341,26;28;30;31;33;34;35;36;37;38;39;40;41;42;43;44;45;46;47;48;49;50;51;52;53;54;55;56;57;58;59;60;61;62;63;64;65;66;67;68;69;70;71;72;73;74;75;76;77;78;79;80;81;82;83;84;85;86;87;88;89;90;91;92;93;94;95;96;97;98;99;100;101;102;103;104;105;106;107;108;109;110;111;112;113;114;115;116;117;118;119;120;121;122;123;124;125;126;127;128;129;130;131;132;133;134;135;136;137;138;139;140;141;142;143;144;145;146;147;148;149;150;151;152;153;154;155;156;157;158;159;160;161;162;163;164;165;166;167;168;169;170;171;172;173;174;175;176;177;178;179;180;181;182;183;184;185;186;187;188;189;190;191;192;193;194;195;196;197;198;199;200;201;202;203;204;205;206;207;208;209;210;211;212;213;214;215;216;217;218;219;220;221;222;223;224;225;226;227;228;229;230;231;232;233;234;235;236;237;238;239;240;241;242;243;244;245;246;247;248;249;250;251;252;253;254;255;256;257;258;259;260;261;262;263;264;265;266;267;268;269;270;271;272;273;274;275;276;277;278;279;280;281;282;283;284;285;286;287;288;289;290;291;292;293;294;295;296;297;298;299;300;301;302;303;304;305;306;307;308;309;310;311;312;313;314;315;316;317;318;319;320;321;322;323;324;325;326;327;328;329;330;331;332;333;334;335;336;337;338;339;340;341,1220;957;638;475;379;357;373;406;442;346;652;312;429;623;740;311;655;582;809;557;728;488;941;882;835;878;814;822;967;1022;1112;1075;947;1243;1283;1442;1416;2664;1670;1955;1916;2066;2123;2360;2646;2922;2961;3578;3873;5217;4534;3358;3311;3391;3495;4171;4268;4487;4510;4963;5138;5093;5346;5516;5433;5350;5567;5735;6055;6442;6544;6397;6444;6876;7173;7165;7484;8029;8359;8534;9054;9552;9908;10512;10681;11024;11180;11619;11868;12460;12675;13083;13236;13844;14175;14962;15586;16277;17383;18195;19663;19760;22902;24592;23598;24679;25912;27215;29151;30752;32643;34348;35977;40372;60421;77188;82981;83113;82203;81799;81101;82429;83629;85083;87529;89223;90833;91395;93517;95665;97664;100301;102635;106310;110700;116801;123157;129225;134790;139316;142825;146119;149761;155109;160738;167982;174884;182769;190128;197581;205964;213893;221605;228105;233854;239630;245475;249787;253459;256697;257672;257709;258729;260201;262727;265847;270537;275739;283290;298062;320018;316216;314671;321471;321802;322579;326269;333733;338436;343116;342027;340599;343355;348909;382748;410593;420769;409370;387254;359401;329435;298697;271977;247073;225049;206996;199748;189981;181727;175478;168531;161070;152506;149117;143809;139349;136802;134682;135705;137437;141256;143122;148354;151681;154783;156183;156086;156867;158571;159323;158618;156937;157264;156618;161195;162747;161308;162174;163556;161588;155318;149112;142452;134994;128173;119762;114609;108439;101426;95791;94340;94185;94894;83872;79383;74360;71258;63388;58685;54084;51846;48626;47434;46159;43516;40602;36840;34240;32506;31581;30634;27157;24677;23924;25750;28031;32886;25212;21348;23820;23735;23776;16469;13259;11039;8867;6904;5558;4599;4036;3592;3344;3069;2768;2748;2807;2444;1976;1480;1072;845;616;548;454;377;279;216;172;133;116;121;74;74;61;57;65;38;27;16;18;8;1;2,12500;12500;12500;12500;12500;12500;12500;12500;12500;12500;12500;12500;12500;12500;12500;12500;12500;12500;12500;12500;12500;12500;12500;12500;12500;12500;12500;12500;12500;12500;12500;12500;1960000;2570000;2650000;2980000;2910000;5470000;3440000;4030000;3940000;4260000;4370000;4850000;5440000;6010000;6090000;7350000;7960000;10700000;9300000;6890000;6800000;6960000;7170000;8560000;8760000;9200000;9250000;10200000;10500000;10400000;11000000;11300000;11200000;11000000;11400000;11800000;12400000;13200000;13400000;13100000;13200000;14100000;14700000;14700000;15300000;16500000;17100000;17500000;18600000;19600000;20300000;21500000;21900000;22600000;22900000;23800000;24300000;25500000;51900000;53600000;54200000;56700000;58100000;61300000;63900000;66700000;71200000;74600000;121000000;121000000;141000000;151000000;145000000;202000000;212000000;223000000;239000000;315000000;334000000;352000000;442000000;496000000;743000000;1110000000;1190000000;1360000000;1350000000;1510000000;1660000000;1690000000;1880000000;2090000000;2330000000;2380000000;2600000000;3000000000;3260000000;3530000000;3800000000;4310000000;4620000000;5230000000;5670000000;6460000000;7310000000;8200000000;9390000000;10300000000;11400000000;12600000000;13800000000;15200000000;17100000000;19300000000;21500000000;24000000000;26900000000;29900000000;33700000000;37700000000;41800000000;46300000000;50800000000;55900000000;61800000000;67500000000;73700000000;80400000000;86500000000;92900000000;100000000000;109000000000;118000000000;128000000000;140000000000;154000000000;169000000000;192000000000;221000000000;235000000000;251000000000;276000000000;297000000000;320000000000;347000000000;382000000000;417000000000;454000000000;487000000000;521000000000;565000000000;617000000000;727000000000;838000000000;924000000000;966000000000;983000000000;980000000000;966000000000;941000000000;921000000000;900000000000;881000000000;871000000000;904000000000;924000000000;950000000000;986000000000;1020000000000;1050000000000;1060000000000;1120000000000;1160000000000;1210000000000;1280000000000;1350000000000;1460000000000;1590000000000;1760000000000;1920000000000;2130000000000;2350000000000;2570000000000;2790000000000;3000000000000;3240000000000;3520000000000;3800000000000;4070000000000;4330000000000;4660000000000;4990000000000;5520000000000;6000000000000;6390000000000;6900000000000;7480000000000;7950000000000;8210000000000;8480000000000;8710000000000;8870000000000;9050000000000;9090000000000;9350000000000;9510000000000;9570000000000;9710000000000;10300000000000;11000000000000;12000000000000;11400000000000;11600000000000;11600000000000;12000000000000;11500000000000;11400000000000;11300000000000;11600000000000;11700000000000;12300000000000;12900000000000;13100000000000;13100000000000;12800000000000;12800000000000;13000000000000;13600000000000;14200000000000;13500000000000;13200000000000;13800000000000;15900000000000;18600000000000;23500000000000;19400000000000;17600000000000;21100000000000;22600000000000;24400000000000;18200000000000;15700000000000;14100000000000;12200000000000;10200000000000;8800000000000;7830000000000;7390000000000;7060000000000;7070000000000;6980000000000;6760000000000;7230000000000;7930000000000;7430000000000;6450000000000;5190000000000;4040000000000;3440000000000;2680000000000;2590000000000;2300000000000;2080000000000;1630000000000;1350000000000;1180000000000;983000000000;933000000000;1070000000000;718000000000;772000000000;664000000000;714000000000;864000000000;516000000000;444000000000;238000000000;384000000000;138000000000;148000000000;159000000000,natural
b1p1_g01,1.1,1,1,239,26857911,5.6e+17,5.6e+17,5.6e+17,0.0,259,259,259,26857911,560000000000000000,grid
b1p1_g02,1.1,2,2,239,26857911,1.98e+16,1.01e+16,9900000000000000.0,0.020202020202020204,217,259,217;259,26392613;465298,10100000000000000;9700000000000000,grid
b1p1_g03,1.1,3,3,239,26857911,5830000000000000.0,2070000000000000.0,1943333333333333.2,0.05464676611346138,201,259,201;228;259,24982762;1788153;86996,2070000000000000;1940000000000000;1810000000000000,grid
b1p1_g04,1.1,4,4,239,26857911,3420000000000000.0,908000000000000.0,855000000000000.0,0.054502171016057345,193,259,193;215;232;259,23474421;2823825;521751;37914,908000000000000;889000000000000;830000000000000;791000000000000,grid
b1p1_g05,1.1,5,5,239,26857911,2560000000000000.0,548000000000000.0,512000000000000.0,0.06791709603327979,188,259,188;208;223;235;259,22425596;3392077;796231;221398;22609,538000000000000;548000000000000;537000000000000;469000000000000;472000000000000,grid
b1p1_g06,1.1,6,6,239,26857911,2070000000000000.0,373000000000000.0,345000000000000.0,0.06254872776672275,184,259,184;203;215;226;237;259,21595680;3654907;1047659;415362;129273;15030,354000000000000;367000000000000;330000000000000;373000000000000;331000000000000;313000000000000,grid
b1p1_g07,1.1,7,7,239,26857911,1770000000000000.0,283000000000000.0,252857142857142.84,0.08186828623841345,181,259,181;199;210;220;228;238;259,21007120;3664524;1311754;527342;260175;75635;11361,259000000000000;251000000000000;256000000000000;267000000000000;283000000000000;213000000000000;237000000000000,grid
b1p1_g08,1.1,8,8,239,26857911,1590000000000000.0,213000000000000.0,198750000000000.0,0.07290173650738165,179,259,179;197;207;215;223;229;239;259,20642979;3667386;1410494;577387;315658;174679;61098;8230,210000000000000;208000000000000;207000000000000;182000000000000;213000000000000;209000000000000;189000000000000;172000000000000,grid
b1p1_g09,1.1,9,9,239,26857911,1490000000000000.0,176000000000000.0,165555555555555.56,0.0522973415806125,177,259,177;195;204;212;219;225;230;239;259,20284317;3619095;1471373;745107;355473;207453;119701;47162;8230,171000000000000;169000000000000;162000000000000;176000000000000;164000000000000;169000000000000;157000000000000;146000000000000;172000000000000,grid
b1p1_g10,1.1,10,10,239,26857911,1380000000000000.0,153000000000000.0,138000000000000.0,0.06597785298602919,175,259,175;193;202;209;216;222;226;231;240;259,19901821;3572600;1647693;783722;441764;228189;137819;98893;39500;5910,138000000000000;138000000000000;150000000000000;139000000000000;153000000000000;140000000000000;124000000000000;143000000000000;135000000000000;123000000000000,grid
b1p1_g11,1.1,11,11,239,26857911,1330000000000000.0,131000000000000.0,120909090909090.9,0.06129549089380096,174,259,174;192;200;207;213;218;223;227;232;240;259,19698624;3562007;1571534;888694;461577;252045;179423;132137;73956;32004;5910,125000000000000;125000000000000;118000000000000;130000000000000;120000000000000;106000000000000;121000000000000;131000000000000;118000000000000;109000000000000;123000000000000,grid
b1p1_g12,1.1,12,12,239,26857911,1270000000000000.0,119000000000000.0,105833333333333.33,0.07902279980616846,173,259,173;191;199;205;211;216;221;225;228;233;241;259,19480831;3566801;1624012;827730;554518;293708;195209;140009;88097;54931;27682;4383,112000000000000;114000000000000;111000000000000;100000000000000;119000000000000;102000000000000;109000000000000;114000000000000;95700000000000;96100000000000;104000000000000;91400000000000,grid
b1p1_g13,1.1,13,13,239,26857911,1240000000000000.0,104000000000000.0,95384615384615.39,0.07215543006183907,172,259,172;190;198;204;209;214;218;222;225;228;233;241;259,19250915;3589795;1657124;876951;531051;336356;192289;141308;107029;88097;54931;27682;4383,101000000000000;104000000000000;103000000000000;96700000000000;94300000000000;96200000000000;80600000000000;86700000000000;87400000000000;95700000000000;96100000000000;104000000000000;91400000000000,grid
b1p1_g14,1.1,14,14,239,26857911,1200000000000000.0,93500000000000.0,85714285714285.72,0.07041129170807763,170,259,170;188;196;202;207;211;215;219;223;226;229;234;241;259,18752568;3673028;1686414;1010104;598745;333033;244354;177119;138539;99704;74975;42330;22615;4383,81000000000000;88200000000000;86800000000000;92100000000000;87900000000000;71600000000000;76900000000000;81600000000000;93500000000000;89500000000000;89600000000000;81500000000000;84800000000000;91400000000000,grid
b1p1_g15,1.1,15,15,239,26857911,1170000000000000.0,88200000000000.0,78000000000000.0,0.0999062677083684,170,259,170;188;196;201;206;210;214;218;222;225;227;230;235;242;259,18752568;3673028;1686414;870752;633523;367113;258794;192289;141308;107029;63223;56478;32783;19312;3297,81000000000000;88200000000000;86800000000000;72200000000000;84600000000000;71700000000000;74000000000000;80600000000000;86700000000000;87400000000000;62400000000000;74300000000000;69400000000000;79700000000000;68900000000000,grid
b1p1_g16,1.1,16,16,239,26857911,1150000000000000.0,81000000000000.0,71875000000000.0,0.10222951308666067,170,259,170;187;195;200;205;209;213;217;220;223;225;227;230;235;242;259,18752568;3463051;1687793;928753;667209;406462;276600;210177;118127;103164;68914;63223;56478;32783;19312;3297,81000000000000;75600000000000;79000000000000;70000000000000;81000000000000;72200000000000;71900000000000;80000000000000;59900000000000;69600000000000;56300000000000;62400000000000;74300000000000;69400000000000;79700000000000;68900000000000,grid
b1p1_g17,1.1,17,17,239,26857911,1130000000000000.0,78800000000000.0,66470588235294.12,0.10364649221323749,169,259,169;186;194;199;204;208;212;216;219;222;224;226;228;231;236;242;259,18482293;3525135;1680103;984113;703141;442888;302219;227708;127765;100424;77849;59970;57307;41586;26757;15356;3297,72600000000000;69900000000000;71500000000000;67400000000000;77600000000000;71500000000000;71500000000000;78800000000000;58900000000000;61600000000000;57800000000000;53900000000000;62300000000000;60100000000000;62300000000000;63400000000000;68900000000000,grid
b1p1_g18,1.1,18,18,239,26857911,1110000000000000.0,71700000000000.0,61666666666666.664,0.07999025993787101,168,259,168;185;193;198;202;206;210;213;216;219;222;224;226;228;231;236;242;259,18181903;3619646;1672872;1023413;624280;494171;367113;199038;165164;127765;100424;77849;59970;57307;41586;26757;15356;3297,64900000000000;65300000000000;64700000000000;63700000000000;56900000000000;66000000000000;71700000000000;51800000000000;57200000000000;58900000000000;61600000000000;57800000000000;53900000000000;62300000000000;60100000000000;62300000000000;63400000000000;68900000000000,grid
b1p1_g19,1.1,19,19,239,26857911,1090000000000000.0,66000000000000.0,57368421052631.58,0.09931233976649867,168,259,168;185;193;198;202;206;209;212;215;218;221;223;225;227;229;232;237;243;259,18181903;3619646;1672872;1023413;624280;494171;289551;214056;178354;136235;108328;71095;68914;63223;42542;31414;22884;12514;2516,64900000000000;65300000000000;64700000000000;63700000000000;56900000000000;66000000000000;51400000000000;50600000000000;56100000000000;57100000000000;60400000000000;48000000000000;56300000000000;62400000000000;50800000000000;50000000000000;58600000000000;56800000000000;52600000000000,grid
b1p1_g20,1.1,20,20,239,26857911,1080000000000000.0,61600000000000.0,54000000000000.0,0.11135775095091043,167,259,167;183;191;196;200;204;207;210;213;216;219;222;224;226;227;229;232;237;243;259,17842495;3550849;1654288;1064378;720155;542620;346074;262539;199038;165164;127765;100424;77849;59970;32433;42542;31414;22884;12514;2516,57900000000000;52900000000000;52900000000000;54800000000000;54300000000000;59900000000000;50800000000000;51300000000000;51800000000000;57200000000000;58900000000000;61600000000000;57800000000000;53900000000000;32000000000000;50800000000000;50000000000000;58600000000000;56800000000000;52600000000000,grid
b1p1_g239,1.1,239,239,239,26857911,865000000000000.0,32000000000000.0,3619246861924.686,1.8224260782581214,20,259,20;21;23;24;25;26;27;28;29;30;31;32;33;34;35;36;37;38;39;40;41;42;43;44;45;46;47;48;49;50;51;52;53;54;55;56;57;58;59;60;61;62;63;64;65;66;67;68;69;70;71;72;73;74;75;76;77;78;79;80;81;82;83;84;85;86;87;88;89;90;91;92;93;94;95;96;97;98;99;100;101;102;103;104;105;106;107;108;109;110;111;112;113;114;115;116;117;118;119;120;121;122;123;124;125;126;127;128;129;130;131;132;133;134;135;136;137;138;139;140;141;142;143;144;145;146;147;148;149;150;151;152;153;154;155;156;157;158;159;160;161;162;163;164;165;166;167;168;169;170;171;172;173;174;175;176;177;178;179;180;181;182;183;184;185;186;187;188;189;190;191;192;193;194;195;196;197;198;199;200;201;202;203;204;205;206;207;208;209;210;211;212;213;214;215;216;217;218;219;220;221;222;223;224;225;226;227;228;229;230;231;232;233;234;235;236;237;238;239;240;241;242;243;244;245;246;247;248;249;250;251;252;253;254;255;256;257;258;259,1220;957;638;475;379;730;406;442;640;670;730;658;715;955;538;1110;728;1055;1062;1029;1056;1270;1155;1194;1650;1312;1536;1689;1997;3141;2605;2427;2560;3075;3342;3717;3991;5104;6462;5506;4357;4534;4769;5610;5805;6134;6551;6715;7130;7245;7101;7347;7662;8224;8694;8449;8772;9477;9500;10383;10887;11434;12274;12971;13871;14322;14718;15440;15953;16587;17291;17694;18503;19830;20689;22696;24005;25836;27169;33514;31305;33347;35862;38797;41823;45023;47798;64401;98643;109500;108969;107881;107055;109274;111543;115284;118593;119919;123294;126749;131039;135010;141319;150868;161099;171952;181060;187435;193428;200616;210331;222298;235231;248162;261232;275189;289292;300913;310708;321162;329155;335455;339237;339621;341339;344602;350100;357939;368056;389132;421376;413805;422129;424788;425199;438315;446341;452126;449301;452229;472511;530684;553926;531699;487778;437309;384870;339408;300390;270275;257092;241255;229916;217793;203197;195795;186701;181014;177648;179576;184565;188889;197335;202336;205869;205879;208191;209977;208779;206335;206922;212999;213790;213110;215881;208598;198355;187469;173810;160521;150597;139352;128473;124198;124589;116911;104574;96814;88163;77562;70494;66000;62544;59756;56054;49354;45013;41868;40884;35375;32069;32980;38115;39734;29180;30790;32433;24874;17668;13936;9982;7496;5849;5067;4389;3956;3623;3669;3131;2320;1527;1086;781;617;490;322;252;177;151;128;94;72;95;47;28;30;10;2;1,12500;12500;12500;12500;12500;12500;12500;12500;12500;12500;12500;12500;12500;12500;12500;12500;12500;12500;12500;12500;12500;12500;12500;12500;12500;2700000;3160000;3490000;4110000;6450000;5350000;4990000;5260000;6320000;6860000;7630000;8190000;10500000;13300000;11300000;8940000;9300000;9790000;11500000;11900000;12600000;13400000;13800000;14600000;14900000;14600000;15100000;15700000;16900000;17800000;17300000;18000000;19400000;19500000;21300000;22300000;23400000;25200000;26600000;28400000;29400000;30200000;31600000;32700000;68000000;70900000;72500000;75800000;81200000;84800000;93000000;98300000;159000000;167000000;206000000;192000000;273000000;294000000;318000000;428000000;461000000;587000000;791000000;1410000000;1570000000;1790000000;1990000000;2190000000;2460000000;2740000000;3070000000;3400000000;3680000000;4290000000;4670000000;5370000000;6080000000;6950000000;8340000000;9570000000;11300000000;13000000000;15000000000;17000000000;19300000000;22400000000;26000000000;29900000000;35100000000;40700000000;46800000000;53900000000;61600000000;70000000000;79600000000;89700000000;101000000000;112000000000;123000000000;136000000000;152000000000;169000000000;190000000000;215000000000;250000000000;298000000000;322000000000;361000000000;399000000000;440000000000;499000000000;559000000000;622000000000;680000000000;753000000000;866000000000;1070000000000;1230000000000;1300000000000;1310000000000;1290000000000;1250000000000;1210000000000;1180000000000;1170000000000;1220000000000;1260000000000;1320000000000;1380000000000;1410000000000;1500000000000;1570000000000;1680000000000;1810000000000;2010000000000;2270000000000;2560000000000;2940000000000;3320000000000;3710000000000;4080000000000;4540000000000;5040000000000;5510000000000;5990000000000;6610000000000;7490000000000;8270000000000;9060000000000;10100000000000;10700000000000;11200000000000;11700000000000;11900000000000;12100000000000;12500000000000;12700000000000;12900000000000;13700000000000;15100000000000;15600000000000;15400000000000;15600000000000;15700000000000;15200000000000;15200000000000;15600000000000;16300000000000;17100000000000;17600000000000;17100000000000;17100000000000;17500000000000;18800000000000;17900000000000;17900000000000;20200000000000;25700000000000;29500000000000;23800000000000;27600000000000;32000000000000;27000000000000;21100000000000;18300000000000;14400000000000;11900000000000;10200000000000;9760000000000;9300000000000;9220000000000;9280000000000;10300000000000;9720000000000;7910000000000;5730000000000;4490000000000;3560000000000;3120000000000;2720000000000;1980000000000;1700000000000;1340000000000;1220000000000;1130000000000;934000000000;771000000000;1130000000000;622000000000;456000000000;501000000000;276000000000;152000000000;167000000000,natural
b1p125_g01,1.125,1,1,194,26857911,5.35e+17,5.35e+17,5.35e+17,0.0,209,209,209,26857911,535000000000000000,grid
b1p125_g02,1.125,2,2,194,26857911,1.93e+16,9710000000000000.0,9650000000000000.0,0.007327531411259559,175,209,175;209,26370368;487543,9570000000000000;9710000000000000,grid
b1p125_g03,1.125,3,3,194,26857911,5800000000000000.0,1960000000000000.0,1933333333333333.2,0.015988997406027074,162,209,162;184;209,24898418;1864440;95053,1960000000000000;1950000000000000;1890000000000000,grid
b1p125_g04,1.125,4,4,194,26857911,3370000000000000.0,869000000000000.0,842500000000000.0,0.031184106006930924,155,209,155;173;187;209,23213865;3029864;571489;42693,799000000000000;869000000000000;853000000000000;850000000000000,grid
b1p125_g05,1.125,5,5,194,26857911,2550000000000000.0,543000000000000.0,510000000000000.0,0.06750909489185906,152,209,152;168;180;190;209,22441454;3361552;797133;235309;22463,543000000000000;535000000000000;522000000000000;500000000000000;447000000000000,grid
b1p125_g06,1.125,6,6,194,26857911,2070000000000000.0,367000000000000.0,345000000000000.0,0.05366886682221394,148,209,148;163;173;182;191;209,21419613;3657884;1166232;443353;153132;17697,323000000000000;323000000000000;335000000000000;367000000000000;366000000000000;353000000000000,grid
b1p125_g07,1.125,7,7,194,26857911,1780000000000000.0,264000000000000.0,254285714285714.28,0.05773958227413642,146,209,146;161;170;178;184;192;209,20944161;3760396;1301787;511247;245267;81818;13235,250000000000000;262000000000000;262000000000000;264000000000000;257000000000000;220000000000000;264000000000000,grid
b1p125_g08,1.125,8,8,194,26857911,1580000000000000.0,220000000000000.0,197500000000000.0,0.060917516027928935,144,209,144;159;167;174;180;185;193;209,20498763;3758298;1423562;631147;288369;186318;62486;8968,193000000000000;207000000000000;201000000000000;204000000000000;189000000000000;220000000000000;189000000000000;179000000000000,grid
b1p125_g09,1.125,9,9,194,26857911,1490000000000000.0,183000000000000.0,165555555555555.56,0.08585621457734077,143,209,143;158;165;171;177;182;186;193;209,20275644;3731347;1385515;698680;383078;212818;116510;45351;8968,170000000000000;183000000000000;155000000000000;158000000000000;176000000000000;176000000000000;155000000000000;137000000000000;179000000000000,grid
b1p125_g10,1.125,10,10,194,26857911,1370000000000000.0,157000000000000.0,137000000000000.0,0.08072213898364528,141,209,141;156;163;169;174;179;183;187;194;209,19798017;3680241;1599239;834970;399303;244985;168562;89901;36739;5954,131000000000000;143000000000000;141000000000000;150000000000000;129000000000000;142000000000000;157000000000000;134000000000000;125000000000000;119000000000000,grid
b1p125_g11,1.125,11,11,194,26857911,1320000000000000.0,134000000000000.0,120000000000000.0,0.07225620800982845,140,209,140;155;162;167;172;176;180;183;187;194;209,19535639;3678226;1684553;782205;488690;254099;176727;125178;89901;36739;5954,115000000000000;127000000000000;132000000000000;111000000000000;125000000000000;104000000000000;116000000000000;117000000000000;134000000000000;125000000000000;119000000000000,grid
b1p125_g12,1.125,12,12,194,26857911,1270000000000000.0,122000000000000.0,105833333333333.33,0.0866681292213536,139,209,139;154;161;166;170;174;178;181;184;188;194;209,19253353;3700192;1751012;841812;459975;305426;205821;133167;112100;60541;28558;5954,101000000000000;113000000000000;122000000000000;106000000000000;92700000000000;98600000000000;106000000000000;98000000000000;117000000000000;102000000000000;97200000000000;119000000000000,grid
b1p125_g13,1.125,13,13,194,26857911,1220000000000000.0,116000000000000.0,93846153846153.84,0.1203388122061735,138,209,138;152;159;164;168;172;176;179;182;184;188;195;209,18953345;3488109;1815607;981632;564313;366307;254099;133343;130327;75776;60541;30374;4138,88100000000000;84300000000000;100000000000000;97600000000000;89800000000000;93400000000000;104000000000000;77500000000000;108000000000000;79400000000000;102000000000000;116000000000000;82500000000000,grid
b1p125_g14,1.125,14,14,194,26857911,1200000000000000.0,100000000000000.0,85714285714285.72,0.1139978069964506,138,209,138;152;159;164;168;172;175;178;181;183;185;189;195;209,18953345;3488109;1815607;981632;564313;366307;201055;147223;133167;74559;61140;43460;23856;4138,88100000000000;84300000000000;100000000000000;97600000000000;89800000000000;93400000000000;73000000000000;76100000000000;98000000000000;69500000000000;72100000000000;82100000000000;91300000000000;82500000000000,grid
b1p125_g15,1.125,15,15,194,26857911,1180000000000000.0,92700000000000.0,78666666666666.67,0.10107153570085134,138,209,138;152;158;162;166;170;173;176;179;181;183;185;189;195;209,18953345;3488109;1565537;891427;647951;459975;237385;179683;133343;94003;74559;61140;43460;23856;4138,88100000000000;84300000000000;76700000000000;70000000000000;81500000000000;92700000000000;68100000000000;73400000000000;77500000000000;69200000000000;69500000000000;72100000000000;82100000000000;91300000000000;82500000000000,grid
b1p125_g16,1.125,16,16,194,26857911,1140000000000000.0,82400000000000.0,71250000000000.0,0.09781736236693743,137,209,137;151;157;161;165;168;171;174;177;180;182;184;187;191;196;209,18629906;3551842;1560213;962596;687949;410500;288180;220584;162494;125875;86943;75776;52360;24996;14730;2967,77000000000000;76300000000000;68000000000000;67200000000000;76900000000000;65300000000000;65300000000000;71200000000000;74700000000000;82400000000000;72000000000000;79400000000000;78100000000000;59800000000000;63500000000000;59100000000000,grid
b1p125_g17,1.125,17,17,194,26857911,1130000000000000.0,77000000000000.0,66470588235294.12,0.13964147507669233,137,209,137;151;157;161;165;168;171;174;177;179;181;183;185;187;191;196;209,18629906;3551842;1560213;962596;687949;410500;288180;220584;162494;82491;94003;74559;61140;28761;24996;14730;2967,77000000000000;76300000000000;68000000000000;67200000000000;76900000000000;65300000000000;65300000000000;71200000000000;74700000000000;48000000000000;69200000000000;69500000000000;72100000000000;42900000000000;59800000000000;63500000000000;59100000000000,grid
b1p125_g18,1.125,18,18,194,26857911,1110000000000000.0,73000000000000.0,61666666666666.664,0.13972720300223002,136,209,136;150;156;160;163;166;169;172;175;177;179;181;183;185;187;191;196;209,18276706;3648881;1552671;1012529;586710;468872;366098;256846;201055;103896;82491;94003;74559;61140;28761;24996;14730;2967,67200000000000;69700000000000;60100000000000;62800000000000;51800000000000;59000000000000;65600000000000;65500000000000;73000000000000;47700000000000;48000000000000;69200000000000;69500000000000;72100000000000;42900000000000;59800000000000;63500000000000;59100000000000,grid
b1p125_g19,1.125,19,19,194,26857911,1090000000000000.0,72100000000000.0,57368421052631.58,0.15325129943237778,135,209,135;148;155;159;162;165;168;171;173;175;177;179;181;183;185;187;191;196;209,17866803;3552810;1794252;1043196;641357;494088;410500;288180;152543;126639;103896;82491;94003;74559;61140;28761;24996;14730;2967,58400000000000;53600000000000;61800000000000;57500000000000;50400000000000;55200000000000;65300000000000;65300000000000;43800000000000;46000000000000;47700000000000;48000000000000;69200000000000;69500000000000;72100000000000;42900000000000;59800000000000;63500000000000;59100000000000,grid
b1p125_g20,1.125,20,20,194,26857911,1080000000000000.0,69500000000000.0,54000000000000.0,0.19655163337306217,135,209,135;148;155;159;162;165;168;171;173;175;177;179;181;183;184;185;187;191;196;209,17866803;3552810;1794252;1043196;641357;494088;410500;288180;152543;126639;103896;82491;94003;74559;37541;23599;28761;24996;14730;2967,58400000000000;53600000000000;61800000000000;57500000000000;50400000000000;55200000000000;65300000000000;65300000000000;43800000000000;46000000000000;47700000000000;48000000000000;69200000000000;69500000000000;39300000000000;27800000000000;42900000000000;59800000000000;63500000000000;59100000000000,grid
b1p125_g194,1.125,194,194,194,26857911,875000000000000.0,39300000000000.0,4510309278350.516,1.828941113316689,16,209,16;17;18;19;20;21;22;23;24;25;26;27;28;29;30;31;32;33;34;35;36;37;38;39;40;41;42;43;44;45;46;47;48;49;50;51;52;53;54;55;56;57;58;59;60;61;62;63;64;65;66;67;68;69;70;71;72;73;74;75;76;77;78;79;80;81;82;83;84;85;86;87;88;89;90;91;92;93;94;95;96;97;98;99;100;101;102;103;104;105;106;107;108;109;110;111;112;113;114;115;116;117;118;119;120;121;122;123;124;125;126;127;128;129;130;131;132;133;134;135;136;137;138;139;140;141;142;143;144;145;146;147;148;149;150;151;152;153;154;155;156;157;158;159;160;161;162;163;164;165;166;167;168;169;170;171;172;173;174;175;176;177;178;179;180;181;182;183;184;185;186;187;188;189;190;191;192;193;194;195;196;197;198;199;200;201;202;203;204;205;206;207;208;209,1220;957;638;475;379;730;848;346;964;730;1062;966;838;1110;996;1385;1087;1462;1458;1637;1838;1481;1871;2446;2463;3910;3247;3382;3704;4578;5146;6422;7305;6317;5522;6215;6948;7321;8056;8475;8850;8760;9001;9525;10460;10549;10666;11583;11954;13238;13801;15049;16327;17318;17934;18972;19799;20851;21555;22729;24408;26297;28429;31839;34267;40211;39833;43185;47744;52406;57060;67874;117032;135336;134154;132343;134556;138093;143495;148076;150847;156650;163103;170132;182172;198449;214567;227217;236166;246836;261523;279951;299812;320240;341501;361416;378449;393670;406520;416256;419839;420794;425774;433892;447152;469640;516169;512421;523921;524358;538507;551843;558384;556175;574234;655453;681072;632009;559259;478936;409903;353200;323439;300008;282286;262378;244968;232659;223119;220014;225384;232020;243432;251635;254339;256161;259706;256610;255481;260320;264393;263703;265030;250070;233726;213770;193861;179079;161196;153813;153863;134254;122383;109461;93877;84842;78127;74416;68041;58598;53044;50852;43327;39164;43384;50619;36324;38235;37541;23599;17135;11626;8181;6518;5531;4766;4462;4267;3014;1816;1171;891;637;404;276;194;174;114;95;93;44;33;10;2,12500;12500;12500;12500;12500;12500;12500;12500;12500;12500;12500;12500;12500;12500;12500;12500;12500;12500;12500;12500;12500;3060000;3850000;5030000;5060000;8020000;6660000;6940000;7600000;9400000;10600000;13200000;15000000;13000000;11300000;12700000;14300000;15000000;16500000;17400000;18100000;18000000;18500000;19500000;21400000;21600000;21900000;23700000;24500000;27100000;28300000;30800000;33500000;35500000;36700000;38900000;40600000;85400000;88300000;93100000;100000000;108000000;116000000;196000000;211000000;247000000;326000000;354000000;391000000;537000000;584000000;834000000;1680000000;2220000000;2200000000;2440000000;3030000000;3390000000;3820000000;4550000000;5250000000;6100000000;7010000000;8010000000;9700000000;12200000000;14500000000;17200000000;20300000000;23800000000;28400000000;33800000000;41100000000;49200000000;58700000000;70300000000;82900000000;96700000000;112000000000;130000000000;147000000000;165000000000;188000000000;216000000000;250000000000;295000000000;365000000000;407000000000;469000000000;527000000000;610000000000;703000000000;799000000000;896000000000;1040000000000;1340000000000;1560000000000;1630000000000;1620000000000;1560000000000;1510000000000;1460000000000;1500000000000;1570000000000;1660000000000;1740000000000;1820000000000;1950000000000;2100000000000;2330000000000;2690000000000;3110000000000;3670000000000;4270000000000;4860000000000;5510000000000;6280000000000;6980000000000;7820000000000;8960000000000;10200000000000;11500000000000;13000000000000;13800000000000;14500000000000;14900000000000;15200000000000;15800000000000;16000000000000;17200000000000;19400000000000;19000000000000;19500000000000;19600000000000;18900000000000;19200000000000;19900000000000;21300000000000;22000000000000;21300000000000;21700000000000;23400000000000;22400000000000;22800000000000;28400000000000;37300000000000;30100000000000;35600000000000;39300000000000;27800000000000;22700000000000;17400000000000;13700000000000;12300000000000;11800000000000;11400000000000;12000000000000;12900000000000;10300000000000;6950000000000;5060000000000;4340000000000;3490000000000;2500000000000;1930000000000;1550000000000;1540000000000;1180000000000;1060000000000;1190000000000;671000000000;629000000000;283000000000;159000000000,natural
b1p15_g01,1.15,1,1,164,26857911,5.37e+17,5.37e+17,5.37e+17,0.0,176,176,176,26857911,537000000000000000,grid
b1p15_g02,1.15,2,2,164,26857911,1.93e+16,1.02e+16,9650000000000000.0,0.054961370388294795,147,176,147;176,26348779;509132,9140000000000000;10200000000000000,grid
b1p15_g03,1.15,3,3,164,26857911,5760000000000000.0,2070000000000000.0,1920000000000000.0,0.05528362266698145,136,176,136;155;176,24815749;1950185;91977,1850000000000000;2070000000000000;1840000000000000,grid
b1p15_g04,1.15,4,4,164,26857911,3360000000000000.0,883000000000000.0,840000000000000.0,0.07060788451730494,131,176,131;146;158;176,23381286;2893046;546669;36910,867000000000000;873000000000000;883000000000000;738000000000000,grid
b1p15_g05,1.15,5,5,164,26857911,2520000000000000.0,563000000000000.0,504000000000000.0,0.08631750556050584,127,176,127;141;151;160;176,22152045;3591537;828421;263668;22240,470000000000000;539000000000000;503000000000000;563000000000000;444000000000000,grid
b1p15_g06,1.15,6,6,164,26857911,2070000000000000.0,389000000000000.0,345000000000000.0,0.08544581433613725,125,176,125;138;147;154;161;176,21547545;3681725;1119509;373460;119011;16661,346000000000000;363000000000000;389000000000000;345000000000000;292000000000000;333000000000000,grid
b1p15_g07,1.15,7,7,164,26857911,1740000000000000.0,282000000000000.0,248571428571428.56,0.09582719396488681,122,176,122;135;143;150;155;162;176,20708180;3865599;1421356;529416;241383;80695;11282,218000000000000;251000000000000;282000000000000;279000000000000;256000000000000;228000000000000;226000000000000,grid
b1p15_g08,1.15,8,8,164,26857911,1560000000000000.0,218000000000000.0,195000000000000.0,0.11886489216922318,121,176,121;134;141;147;152;156;163;176,20447041;3856081;1440460;605197;281405;161650;59071;7006,187000000000000;218000000000000;216000000000000;210000000000000;196000000000000;197000000000000;192000000000000;140000000000000,grid
b1p15_g09,1.15,9,9,164,26857911,1470000000000000.0,187000000000000.0,163333333333333.34,0.10676805191451696,121,176,121;133;139;144;149;153;157;163;176,20447041;3561262;1403465;684074;377968;204340;131585;41170;7006,187000000000000;175000000000000;159000000000000;156000000000000;173000000000000;164000000000000;185000000000000;134000000000000;140000000000000,grid
b1p15_g10,1.15,10,10,164,26857911,1410000000000000.0,161000000000000.0,141000000000000.0,0.0851063829787234,120,176,120;132;138;143;147;151;154;157;163;176,20179570;3514325;1535375;765865;353644;223224;150236;87496;41170;7006,161000000000000;150000000000000;151000000000000;152000000000000;123000000000000;135000000000000;139000000000000;123000000000000;134000000000000;140000000000000,grid
b1p15_g11,1.15,11,11,164,26857911,1340000000000000.0,140000000000000.0,121818181818181.81,0.11373092705686363,118,176,118;130;136;140;144;148;151;154;157;163;176,19591253;3476877;1747619;774731;505362;317553;158608;150236;87496;41170;7006,118000000000000;112000000000000;130000000000000;101000000000000;115000000000000;127000000000000;96300000000000;139000000000000;123000000000000;134000000000000;140000000000000,grid
b1p15_g12,1.15,12,12,164,26857911,1260000000000000.0,123000000000000.0,105000000000000.0,0.12720853187585565,117,176,117;129;135;139;143;147;150;153;155;158;164;176,19259007;3505080;1809692;837989;583367;353644;175772;153599;87784;55067;32474;4436,101000000000000;98300000000000;117000000000000;95100000000000;116000000000000;123000000000000;92800000000000;123000000000000;93200000000000;88900000000000;121000000000000;88700000000000,grid
b1p15_g13,1.15,13,13,164,26857911,1230000000000000.0,117000000000000.0,94615384615384.61,0.10506566064355685,117,176,117;129;134;138;142;145;148;151;153;155;159;164;176,19259007;3505080;1539035;926148;651040;308017;225068;158608;106147;87784;63166;24375;4436,101000000000000;98300000000000;86800000000000;91400000000000;112000000000000;80800000000000;89800000000000;96300000000000;85200000000000;93200000000000;117000000000000;91000000000000;88700000000000,grid
b1p15_g14,1.15,14,14,164,26857911,1210000000000000.0,101000000000000.0,86428571428571.42,0.09929421034985937,117,176,117;129;134;138;141;144;147;150;152;154;156;159;164;176,19259007;3505080;1539035;926148;514312;352260;252937;175772;105633;92055;69595;37266;24375;4436,101000000000000;98300000000000;86800000000000;91400000000000;77200000000000;80400000000000;87800000000000;92800000000000;73700000000000;85000000000000;85000000000000;69200000000000;91000000000000;88700000000000,grid
b1p15_g15,1.15,15,15,164,26857911,1180000000000000.0,91000000000000.0,78666666666666.67,0.13431428090762018,116,176,116;128;133;137;140;143;146;148;150;152;154;156;159;164;176,18901026;3559004;1548273;1026465;555712;404655;279197;139063;111156;105633;92055;69595;37266;24375;4436,86200000000000;86800000000000;75900000000000;88100000000000;72500000000000;80300000000000;84300000000000;55500000000000;58700000000000;73700000000000;85000000000000;85000000000000;69200000000000;91000000000000;88700000000000,grid
b1p15_g16,1.15,16,16,164,26857911,1150000000000000.0,88100000000000.0,71875000000000.0,0.18541153327926466,116,176,116;128;133;137;140;143;146;148;150;152;154;155;157;160;165;176,18901026;3559004;1548273;1026465;555712;404655;279197;139063;111156;105633;92055;43695;43801;25936;19248;2992,86200000000000;86800000000000;75900000000000;88100000000000;72500000000000;80300000000000;84300000000000;55500000000000;58700000000000;73700000000000;85000000000000;46400000000000;61500000000000;55400000000000;82700000000000;59800000000000,grid
b1p15_g17,1.15,17,17,164,26857911,1130000000000000.0,85000000000000.0,66470588235294.12,0.16942306269166066,115,176,115;127;132;135;138;141;144;146;148;150;152;154;155;157;160;165;176,18510852;3641193;1541850;879884;655491;514312;352260;178490;139063;111156;105633;92055;43695;43801;25936;19248;2992,73400000000000;77200000000000;65800000000000;57100000000000;64700000000000;77200000000000;80400000000000;53900000000000;55500000000000;58700000000000;73700000000000;85000000000000;46400000000000;61500000000000;55400000000000;82700000000000;59800000000000,grid
b1p15_g18,1.15,18,18,164,26857911,1120000000000000.0,80400000000000.0,62222222222222.22,0.19804279904884714,115,176,115;127;132;135;138;141;144;146;148;150;152;153;154;155;157;161;165;176,18510852;3641193;1541850;879884;655491;514312;352260;178490;139063;111156;105633;47966;44089;43695;43801;31515;13669;2992,73400000000000;77200000000000;65800000000000;57100000000000;64700000000000;77200000000000;80400000000000;53900000000000;55500000000000;58700000000000;73700000000000;38500000000000;40700000000000;46400000000000;61500000000000;77400000000000;58700000000000;59800000000000,grid
b1p15_g19,1.15,19,19,164,26857911,1100000000000000.0,77400000000000.0,57894736842105.266,0.17762922196493391,114,176,114;125;131;134;137;140;142;144;146;148;150;152;153;154;155;157;161;165;176,18063264;3484281;1833741;921836;731646;555712;289830;215532;178490;139063;111156;105633;47966;44089;43695;43801;31515;13669;2992,62300000000000;55900000000000;68000000000000;52000000000000;62800000000000;72500000000000;50000000000000;49200000000000;53900000000000;55500000000000;58700000000000;73700000000000;38500000000000;40700000000000;46400000000000;61500000000000;77400000000000;58700000000000;59800000000000,grid
b1p15_g20,1.15,20,20,164,26857911,1090000000000000.0,73700000000000.0,54500000000000.0,0.1941905174675642,114,176,114;125;131;134;137;140;142;144;146;148;150;152;153;154;155;156;158;161;165;176,18063264;3484281;1833741;921836;731646;555712;289830;215532;178490;139063;111156;105633;47966;44089;43695;25900;29167;20249;13669;2992,62300000000000;55900000000000;68000000000000;52000000000000;62800000000000;72500000000000;50000000000000;49200000000000;53900000000000;55500000000000;58700000000000;73700000000000;38500000000000;40700000000000;46400000000000;31600000000000;47100000000000;49700000000000;58700000000000;59800000000000,grid
b1p15_g164,1.15,164,164,164,26857911,885000000000000.0,46400000000000.0,5396341463414.634,1.827931308821633,13,176,13;14;15;16;17;18;19;20;21;22;23;24;25;26;27;28;29;30;31;32;33;34;35;36;37;38;39;40;41;42;43;44;45;46;47;48;49;50;51;52;53;54;55;56;57;58;59;60;61;62;63;64;65;66;67;68;69;70;71;72;73;74;75;76;77;78;79;80;81;82;83;84;85;86;87;88;89;90;91;92;93;94;95;96;97;98;99;100;101;102;103;104;105;106;107;108;109;110;111;112;113;114;115;116;117;118;119;120;121;122;123;124;125;126;127;128;129;130;131;132;133;134;135;136;137;138;139;140;141;142;143;144;145;146;147;148;149;150;151;152;153;154;155;156;157;158;159;160;161;162;163;164;165;166;167;168;169;170;171;172;173;174;175;176,1220;957;638;475;736;779;788;652;1042;1062;1266;1091;1285;1653;1708;1477;1789;2134;1855;2200;2831;4229;3814;3914;4467;5599;6259;9153;7414;6535;7474;8392;9110;9858;10530;10460;10713;11751;12698;12534;13698;14388;15921;17271;18847;20540;21380;22706;24109;25353;26719;29143;31953;35528;38147;47336;47222;52020;58453;65196;73968;132351;160642;158621;157709;161926;169460;175122;180934;188819;197566;212673;234367;256940;273593;285973;304583;329873;357961;386166;416200;442090;463565;482633;494919;498284;502850;511942;529507;563939;615399;614159;622799;635083;656426;660565;663886;739068;808542;750362;646448;536879;447588;390174;357981;332246;303904;284413;267471;261139;267889;278303;293173;301714;302786;307985;304057;304043;313156;312609;314408;294819;270657;241970;219019;194502;182498;178712;153102;136728;114825;100707;92485;86005;74447;64616;60415;50741;47452;58181;47966;44089;43695;25900;17901;11266;8099;6571;5579;5379;4276;2570;1444;1025;680;410;259;215;132;117;87;43;22;2,12500;12500;12500;12500;12500;12500;12500;12500;12500;12500;12500;12500;12500;12500;12500;12500;12500;12500;3810000;4520000;5810000;8680000;7830000;8040000;9170000;11500000;12800000;18800000;15200000;13400000;15300000;17200000;18700000;20200000;21600000;21400000;22000000;24100000;26000000;25700000;28100000;29500000;32600000;35400000;38600000;42100000;43800000;46500000;98800000;104000000;109000000;119000000;131000000;218000000;234000000;291000000;387000000;426000000;599000000;668000000;909000000;1900000000;2630000000;2920000000;3230000000;3650000000;4510000000;5380000000;6300000000;7730000000;9310000000;11300000000;14400000000;17900000000;21900000000;26400000000;32400000000;39900000000;49900000000;61700000000;76700000000;93300000000;113000000000;134000000000;159000000000;184000000000;213000000000;250000000000;297000000000;364000000000;456000000000;523000000000;611000000000;717000000000;851000000000;985000000000;1140000000000;1460000000000;1830000000000;1960000000000;1940000000000;1850000000000;1770000000000;1780000000000;1880000000000;2000000000000;2110000000000;2270000000000;2450000000000;2750000000000;3250000000000;3880000000000;4700000000000;5560000000000;6420000000000;7510000000000;8530000000000;9810000000000;11600000000000;13300000000000;15400000000000;16600000000000;17600000000000;18100000000000;18800000000000;19200000000000;20700000000000;23300000000000;23000000000000;23600000000000;22800000000000;23000000000000;24300000000000;26000000000000;25800000000000;25800000000000;27700000000000;26800000000000;28800000000000;40600000000000;38500000000000;40700000000000;46400000000000;31600000000000;25100000000000;18200000000000;15000000000000;14000000000000;13700000000000;15200000000000;13900000000000;9620000000000;6220000000000;5100000000000;3860000000000;2720000000000;1980000000000;1870000000000;1350000000000;1370000000000;1160000000000;725000000000;417000000000;160000000000,natural
b1p2_g01,1.2,1,1,126,26857911,5.69e+17,5.69e+17,5.69e+17,0.0,135,135,135,26857911,569000000000000000,grid
b1p2_g02,1.2,2,2,126,26857911,1.99e+16,1.01e+16,9950000000000000.0,0.016111778434051656,113,135,113;135,26395786;462125,10100000000000000;9780000000000000,grid
b1p2_g03,1.2,3,3,126,26857911,5790000000000000.0,2240000000000000.0,1930000000000000.0,0.1311812321364991,105,135,105;119;135,25091389;1689985;76537,2240000000000000;1940000000000000;1620000000000000,grid
b1p2_g04,1.2,4,4,126,26857911,3400000000000000.0,959000000000000.0,850000000000000.0,0.08628431316851248,100,135,100;112;121;135,23305290;3001213;515847;35561,835000000000000;959000000000000;851000000000000;753000000000000,grid
b1p2_g05,1.2,5,5,126,26857911,2610000000000000.0,560000000000000.0,522000000000000.0,0.07956075005313355,98,135,98;108;116;122;135,22505024;3265814;834634;226686;25753,560000000000000;503000000000000;553000000000000;449000000000000;545000000000000,grid
b1p2_g06,1.2,6,6,126,26857911,2090000000000000.0,391000000000000.0,348333333333333.3,0.10825035021194682,95,135,95;105;111;117;123;135,21321811;3769578;1106393;477705;164488;17936,307000000000000;336000000000000;295000000000000;380000000000000;391000000000000;380000000000000,grid
b1p2_g07,1.2,7,7,126,26857911,1770000000000000.0,286000000000000.0,252857142857142.84,0.126971666442902,94,135,94;104;110;115;119;124;135,20956746;3853027;1266865;463088;241648;65560;10977,252000000000000;286000000000000;281000000000000;256000000000000;277000000000000;187000000000000;233000000000000,grid
b1p2_g08,1.2,8,8,126,26857911,1610000000000000.0,235000000000000.0,201250000000000.0,0.10553889882116495,92,135,92;102;107;112;116;119;124;135,20266445;3852152;1453532;734374;298969;175902;65560;10977,169000000000000;199000000000000;187000000000000;235000000000000;198000000000000;201000000000000;187000000000000;233000000000000,grid
b1p2_g09,1.2,9,9,126,26857911,1440000000000000.0,183000000000000.0,160000000000000.0,0.1150747039970123,91,135,91;101;106;110;114;117;120;125;135,19899728;3813184;1622359;741367;398227;200622;132042;44536;5846,138000000000000;164000000000000;174000000000000;165000000000000;183000000000000;160000000000000;181000000000000;152000000000000;124000000000000,grid
b1p2_g10,1.2,10,10,126,26857911,1400000000000000.0,174000000000000.0,140000000000000.0,0.15861325059813294,91,135,91;101;106;110;113;116;118;120;125;135,19899728;3813184;1622359;741367;319148;209686;128339;73718;44536;5846,138000000000000;164000000000000;174000000000000;165000000000000;122000000000000;139000000000000;122000000000000;101000000000000;152000000000000;124000000000000,grid
b1p2_g11,1.2,11,11,126,26857911,1330000000000000.0,146000000000000.0,120909090909090.9,0.11971783114148776,90,135,90;100;104;107;110;113;116;118;121;125;135,19497856;3807434;1504483;762356;504509;319148;209686;128339;88539;29715;5846,113000000000000;136000000000000;112000000000000;97900000000000;112000000000000;122000000000000;139000000000000;122000000000000;146000000000000;102000000000000;124000000000000,grid
b1p2_g12,1.2,12,12,126,26857911,1280000000000000.0,129000000000000.0,106666666666666.67,0.15010917251079295,90,135,90;99;103;106;109;112;115;117;119;121;125;135,19497856;3403489;1586300;847626;603730;367502;233223;135761;105887;40976;29715;5846,113000000000000;102000000000000;98300000000000;90700000000000;112000000000000;117000000000000;129000000000000;108000000000000;121000000000000;67600000000000;102000000000000;124000000000000,grid
b1p2_g13,1.2,13,13,126,26857911,1230000000000000.0,121000000000000.0,94615384615384.61,0.17197720305709072,90,135,90;99;103;106;109;111;113;115;117;119;122;126;135,19497856;3403489;1586300;847626;603730;258781;198004;143940;135761;105887;50784;22411;3342,113000000000000;102000000000000;98300000000000;90700000000000;112000000000000;68900000000000;75900000000000;79500000000000;108000000000000;121000000000000;100000000000000;92000000000000;70800000000000,grid
b1p2_g14,1.2,14,14,126,26857911,1220000000000000.0,113000000000000.0,87142857142857.14,0.2191767413907681,90,135,90;99;103;106;109;111;113;115;117;118;119;122;126;135,19497856;3403489;1586300;847626;603730;258781;198004;143940;135761;58324;47563;50784;22411;3342,113000000000000;102000000000000;98300000000000;90700000000000;112000000000000;68900000000000;75900000000000;79500000000000;108000000000000;55700000000000;54500000000000;100000000000000;92000000000000;70800000000000,grid
b1p2_g15,1.2,15,15,126,26857911,1190000000000000.0,105000000000000.0,79333333333333.33,0.19385226867143682,89,135,89;98;102;105;108;110;112;114;116;117;118;119;122;126;135,19049985;3455039;1613573;972792;679449;305800;229865;168362;130607;70015;58324;47563;50784;22411;3342,91900000000000;86000000000000;83300000000000;86800000000000;105000000000000;67900000000000;73500000000000;77500000000000;86600000000000;55700000000000;55700000000000;54500000000000;100000000000000;92000000000000;70800000000000,grid
b1p2_g16,1.2,16,16,126,26857911,1160000000000000.0,100000000000000.0,72500000000000.0,0.17806029787393265,88,135,88;97;101;104;106;108;110;112;114;116;117;118;119;122;126;135,18552217;3551959;1608736;1096861;525498;435567;305800;229865;168362;130607;70015;58324;47563;50784;22411;3342,74600000000000;73700000000000;69200000000000;81500000000000;56200000000000;67100000000000;67900000000000;73500000000000;77500000000000;86600000000000;55700000000000;55700000000000;54500000000000;100000000000000;92000000000000;70800000000000,grid
b1p2_g17,1.2,17,17,126,26857911,1140000000000000.0,86600000000000.0,67058823529411.766,0.18148086171882208,88,135,88;97;101;104;106;108;110;112;114;116;117;118;119;120;123;126;135,18552217;3551959;1608736;1096861;525498;435567;305800;229865;168362;130607;70015;58324;47563;26155;32446;14594;3342,74600000000000;73700000000000;69200000000000;81500000000000;56200000000000;67100000000000;67900000000000;73500000000000;77500000000000;86600000000000;55700000000000;55700000000000;54500000000000;35900000000000;77100000000000;59900000000000;70800000000000,grid
b1p2_g18,1.2,18,18,126,26857911,1120000000000000.0,79500000000000.0,62222222222222.22,0.18067100519271748,87,135,87;96;100;103;105;107;109;111;113;115;116;117;118;119;120;123;126;135,17962325;3747128;1595837;1182355;603744;480740;366872;258781;198004;143940;65746;70015;58324;47563;26155;32446;14594;3342,60200000000000;64800000000000;57200000000000;73200000000000;53800000000000;61700000000000;67900000000000;68900000000000;75900000000000;79500000000000;43600000000000;55700000000000;55700000000000;54500000000000;35900000000000;77100000000000;59900000000000;70800000000000,grid
b1p2_g19,1.2,19,19,126,26857911,1110000000000000.0,75900000000000.0,58421052631578.945,0.19869485275007562,87,135,87;96;100;103;105;107;109;111;113;114;115;116;117;118;119;121;123;126;135,17962325;3747128;1595837;1182355;603744;480740;366872;258781;198004;79079;64861;65746;70015;58324;47563;40976;17625;14594;3342,60200000000000;64800000000000;57200000000000;73200000000000;53800000000000;61700000000000;67900000000000;68900000000000;75900000000000;36400000000000;35800000000000;43600000000000;55700000000000;55700000000000;54500000000000;67600000000000;41900000000000;59900000000000;70800000000000,grid
b1p2_g20,1.2,20,20,126,26857911,1100000000000000.0,73200000000000.0,55000000000000.0,0.22852925378320987,87,135,87;96;100;103;105;107;109;111;112;113;114;115;116;117;118;119;121;123;126;135,17962325;3747128;1595837;1182355;603744;480740;366872;258781;108721;89283;79079;64861;65746;70015;58324;47563;40976;17625;14594;3342,60200000000000;64800000000000;57200000000000;73200000000000;53800000000000;61700000000000;67900000000000;68900000000000;34700000000000;34200000000000;36400000000000;35800000000000;43600000000000;55700000000000;55700000000000;54500000000000;67600000000000;41900000000000;59900000000000;70800000000000,grid
b1p2_g126,1.2,126,126,126,26857911,905000000000000.0,55700000000000.0,7182539682539.683,1.8273612375589845,10,135,10;11;12;13;14;15;16;17;18;19;20;21;22;23;24;25;26;27;28;29;30;31;32;33;34;35;36;37;38;39;40;41;42;43;44;45;46;47;48;49;50;51;52;53;54;55;56;57;58;59;60;61;62;63;64;65;66;67;68;69;70;71;72;73;74;75;76;77;78;79;80;81;82;83;84;85;86;87;88;89;90;91;92;93;94;95;96;97;98;99;100;101;102;103;104;105;106;107;108;109;110;111;112;113;114;115;116;117;118;119;120;121;122;123;124;125;126;127;128;129;130;131;132;133;134;135,1220;957;1113;736;1221;998;1364;1384;1416;1850;2043;2104;2212;2664;2735;3459;5226;4881;5508;7423;9035;11341;8469;10087;11319;12674;13786;13688;14858;16385;16888;18377;20651;23019;25888;27819;29930;32293;34312;38149;42870;49502;60022;63295;72674;84226;109481;199437;207837;206010;215792;226713;235986;250206;269157;304281;341408;365378;393794;436442;483454;534203;578844;614964;641673;649991;658633;681323;730687;800114;809739;824395;858058;861023;928321;1048626;934992;749292;589892;497768;447871;401872;366717;343536;346765;365065;387642;394723;400848;396321;403945;407622;405685;369048;322128;281616;243882;236858;198709;168163;137637;121144;108721;89283;79079;64861;65746;70015;58324;47563;26155;14821;9808;7817;6959;5131;2504;1360;826;448;286;174;148;69;29;2,12500;12500;12500;12500;12500;12500;12500;12500;12500;12500;12500;12500;12500;12500;5620000;7110000;10700000;10000000;11300000;15200000;18500000;23200000;17400000;20700000;23200000;26000000;28300000;28000000;30500000;33600000;34600000;37700000;42300000;47200000;53000000;57000000;61300000;132000000;141000000;156000000;176000000;304000000;369000000;519000000;595000000;863000000;1350000000;2860000000;3830000000;4220000000;5300000000;6960000000;8700000000;10800000000;13800000000;18700000000;25200000000;32200000000;41900000000;55400000000;73300000000;97400000000;127000000000;161000000000;201000000000;245000000000;298000000000;370000000000;476000000000;624000000000;758000000000;925000000000;1160000000000;1390000000000;1800000000000;2440000000000;2610000000000;2510000000000;2370000000000;2400000000000;2590000000000;2790000000000;3060000000000;3440000000000;4160000000000;5260000000000;6700000000000;8190000000000;9980000000000;11800000000000;14500000000000;17500000000000;20900000000000;22900000000000;23900000000000;25100000000000;26100000000000;30400000000000;30600000000000;31100000000000;30500000000000;32300000000000;34700000000000;34200000000000;36400000000000;35800000000000;43600000000000;55700000000000;55700000000000;54500000000000;35900000000000;24400000000000;19400000000000;18600000000000;19800000000000;17600000000000;10300000000000;6700000000000;4920000000000;3180000000000;2450000000000;1800000000000;1860000000000;1060000000000;565000000000;169000000000,natural
b1p25_g01,1.25,1,1,103,26857911,5.54e+17,5.54e+17,5.54e+17,0.0,110,110,110,26857911,554000000000000000,grid
b1p25_g02,1.25,2,2,103,26857911,1.96e+16,9830000000000000.0,9800000000000000.0,0.002164612595469023,92,110,92;110,26380862;477049,9800000000000000;9830000000000000,grid
b1p25_g03,1.25,3,3,103,26857911,5700000000000000.0,2150000000000000.0,1900000000000000.0,0.11470786693528087,85,110,85;97;110,24885285;1894087;78539,1940000000000000;2150000000000000;1620000000000000,grid
b1p25_g04,1.25,4,4,103,26857911,3500000000000000.0,975000000000000.0,875000000000000.0,0.0970688793946792,82,110,82;91;98;110,23542442;2722479;545675;47315,939000000000000;809000000000000;773000000000000;975000000000000,grid
b1p25_g05,1.25,5,5,103,26857911,2520000000000000.0,623000000000000.0,504000000000000.0,0.14843603924769572,79,110,79;88;94;100;110,22069537;3688119;798279;281289;20687,451000000000000;561000000000000;463000000000000;623000000000000;426000000000000,grid
b1p25_g06,1.25,6,6,103,26857911,2030000000000000.0,409000000000000.0,338333333333333.3,0.14496324198684393,78,110,78;86;91;96;101;110,21586926;3624469;1053526;451608;129329;12053,353000000000000;353000000000000;313000000000000;409000000000000;358000000000000;249000000000000,grid
b1p25_g07,1.25,7,7,103,26857911,1800000000000000.0,294000000000000.0,257142857142857.16,0.13528205560199486,77,110,77;85;90;94;97;101;110,21122917;3762368;1237847;432803;223437;66486;12053,276000000000000;293000000000000;294000000000000;251000000000000;253000000000000;184000000000000;249000000000000,grid
b1p25_g08,1.25,8,8,103,26857911,1560000000000000.0,237000000000000.0,195000000000000.0,0.21246494857299075,76,110,76;84;88;92;95;98;102;110,20691687;3807039;1258930;623206;264553;165181;41663;5652,216000000000000;237000000000000;191000000000000;231000000000000;192000000000000;234000000000000;144000000000000;117000000000000,grid
b1p25_g09,1.25,9,9,103,26857911,1460000000000000.0,216000000000000.0,162222222222222.22,0.1759994114526402,75,110,75;83;87;90;93;96;98;102;110,20272125;3770907;1459993;620107;355063;238334;94067;41663;5652,170000000000000;188000000000000;178000000000000;147000000000000;165000000000000;216000000000000;133000000000000;144000000000000;117000000000000,grid
b1p25_g10,1.25,10,10,103,26857911,1380000000000000.0,162000000000000.0,138000000000000.0,0.1236564000446466,74,110,74;82;86;89;92;94;96;98;102;110,19820467;3721975;1668953;750052;419415;175073;160594;94067;41663;5652,133000000000000;148000000000000;162000000000000;143000000000000;156000000000000;102000000000000;146000000000000;133000000000000;144000000000000;117000000000000,grid
b1p25_g11,1.25,11,11,103,26857911,1320000000000000.0,146000000000000.0,120000000000000.0,0.16719801663798756,73,110,73;81;85;88;90;92;94;96;98;102;110,19309773;3733889;1841623;872371;365476;257730;175073;160594;94067;41663;5652,103000000000000;119000000000000;143000000000000;133000000000000;86900000000000;95700000000000;102000000000000;146000000000000;133000000000000;144000000000000;117000000000000,grid
b1p25_g12,1.25,12,12,103,26857911,1290000000000000.0,144000000000000.0,107500000000000.0,0.19980141574280338,73,110,73;81;84;87;89;91;93;95;96;98;102;110,19309773;3733889;1455064;1004299;458422;303474;213274;167220;71114;94067;41663;5652,103000000000000;119000000000000;90600000000000;122000000000000;87200000000000;90200000000000;99000000000000;121000000000000;64500000000000;133000000000000;144000000000000;117000000000000,grid
b1p25_g13,1.25,13,13,103,26857911,1260000000000000.0,122000000000000.0,96923076923076.92,0.18711710715854715,73,110,73;81;84;87;89;91;93;95;96;97;99;102;110,19309773;3733889;1455064;1004299;458422;303474;213274;167220;71114;62843;47164;25723;5652,103000000000000;119000000000000;90600000000000;122000000000000;87200000000000;90200000000000;99000000000000;121000000000000;64500000000000;71200000000000;83500000000000;89000000000000;117000000000000,grid
b1p25_g14,1.25,14,14,103,26857911,1220000000000000.0,117000000000000.0,87142857142857.14,0.18238542990506526,72,110,72;80;83;86;88;90;92;94;95;96;97;99;102;110,18728881;3830364;1483787;1168363;546261;365476;257730;175073;89480;71114;62843;47164;25723;5652,80200000000000;97700000000000;73900000000000;114000000000000;83100000000000;86900000000000;95700000000000;102000000000000;64900000000000;64500000000000;71200000000000;83500000000000;89000000000000;117000000000000,grid
b1p25_g15,1.25,15,15,103,26857911,1170000000000000.0,114000000000000.0,78000000000000.0,0.23207819648421565,72,110,72;80;83;86;88;90;92;94;95;96;97;98;100;103;110,18728881;3830364;1483787;1168363;546261;365476;257730;175073;89480;71114;62843;31224;26628;17757;2930,80200000000000;97700000000000;73900000000000;114000000000000;83100000000000;86900000000000;95700000000000;102000000000000;64900000000000;64500000000000;71200000000000;44200000000000;58900000000000;76800000000000;60500000000000,grid
b1p25_g16,1.25,16,16,103,26857911,1160000000000000.0,99000000000000.0,72500000000000.0,0.21823445704148153,72,110,72;80;83;85;87;89;91;93;94;95;96;97;98;100;103;110,18728881;3830364;1483787;842253;617740;458422;303474;213274;77740;89480;71114;62843;31224;26628;17757;2930,80200000000000;97700000000000;73900000000000;65600000000000;75200000000000;87200000000000;90200000000000;99000000000000;45100000000000;64900000000000;64500000000000;71200000000000;44200000000000;58900000000000;76800000000000;60500000000000,grid
b1p25_g17,1.25,17,17,103,26857911,1120000000000000.0,95700000000000.0,65882352941176.47,0.21667472226325143,71,110,71;78;82;84;86;88;90;92;93;94;95;96;97;98;100;103;110,18041129;3545797;1955516;956284;712669;546261;365476;257730;97333;77740;89480;71114;62843;31224;26628;17757;2930,61800000000000;57900000000000;78000000000000;59600000000000;69400000000000;83100000000000;86900000000000;95700000000000;45200000000000;45100000000000;64900000000000;64500000000000;71200000000000;44200000000000;58900000000000;76800000000000;60500000000000,grid
b1p25_g18,1.25,18,18,103,26857911,1110000000000000.0,86900000000000.0,61666666666666.664,0.22178087005395541,71,110,71;78;82;84;86;88;90;91;92;93;94;95;96;97;98;100;103;110,18041129;3545797;1955516;956284;712669;546261;365476;141789;115941;97333;77740;89480;71114;62843;31224;26628;17757;2930,61800000000000;57900000000000;78000000000000;59600000000000;69400000000000;83100000000000;86900000000000;42100000000000;43100000000000;45200000000000;45100000000000;64900000000000;64500000000000;71200000000000;44200000000000;58900000000000;76800000000000;60500000000000,grid
b1p25_g19,1.25,19,19,103,26857911,1100000000000000.0,83100000000000.0,57894736842105.266,0.236242381485451,71,110,71;78;82;84;86;88;89;90;91;92;93;94;95;96;97;98;100;103;110,18041129;3545797;1955516;956284;712669;546261;203791;161685;141789;115941;97333;77740;89480;71114;62843;31224;26628;17757;2930,61800000000000;57900000000000;78000000000000;59600000000000;69400000000000;83100000000000;38700000000000;38400000000000;42100000000000;43100000000000;45200000000000;45100000000000;64900000000000;64500000000000;71200000000000;44200000000000;58900000000000;76800000000000;60500000000000,grid
b1p25_g20,1.25,20,20,103,26857911,1080000000000000.0,76800000000000.0,54000000000000.0,0.22847041633118706,70,110,70;77;81;83;85;87;88;89;90;91;92;93;94;95;96;97;98;100;103;110,17125077;3997840;1920745;999370;842253;617740;254631;203791;161685;141789;115941;97333;77740;89480;71114;62843;31224;26628;17757;2930,46900000000000;52200000000000;61300000000000;49800000000000;65600000000000;75200000000000;38700000000000;38700000000000;38400000000000;42100000000000;43100000000000;45200000000000;45100000000000;64900000000000;64500000000000;71200000000000;44200000000000;58900000000000;76800000000000;60500000000000,grid
b1p25_g103,1.25,103,103,103,26857911,923000000000000.0,71200000000000.0,8961165048543.69,1.8278381645461586,8,110,8;9;10;11;12;13;14;15;16;17;18;19;20;21;22;23;24;25;26;27;28;29;30;31;32;33;34;35;36;37;38;39;40;41;42;43;44;45;46;47;48;49;50;51;52;53;54;55;56;57;58;59;60;61;62;63;64;65;66;67;68;69;70;71;72;73;74;75;76;77;78;79;80;81;82;83;84;85;86;87;88;89;90;91;92;93;94;95;96;97;98;99;100;101;102;103;104;105;106;107;108;109;110,1220;1595;854;1136;1440;1364;2006;1932;2329;2530;2882;3144;3924;5933;6140;7292;9679;14021;10282;12615;14743;16152;16854;18348;20037;21795;24451;27908;32206;34936;38444;41591;46841;55620;67518;75454;88722;105266;181924;255350;252313;264938;280705;297999;322482;371647;424525;460261;514326;584906;659470;723200;772554;794111;806481;842586;945332;982851;1006025;1051069;1059902;1244165;1186751;916052;687752;580892;510694;451658;419562;431230;464009;482611;489708;484417;498780;500590;455694;386559;326110;291630;254631;203791;161685;141789;115941;97333;77740;89480;71114;62843;31224;15940;10688;8634;6401;2722;1443;685;374;208;156;57;7,12500;12500;12500;12500;12500;12500;12500;12500;12500;12500;12500;6450000;8060000;12200000;12600000;15000000;19800000;28700000;21100000;25900000;30200000;33100000;34500000;37600000;41100000;44700000;50100000;57200000;66000000;71600000;157000000;170000000;192000000;342000000;415000000;618000000;909000000;1290000000;2610000000;4180000000;5170000000;7050000000;9200000000;12200000000;16500000000;23600000000;33000000000;45200000000;62100000000;88600000000;124000000000;170000000000;228000000000;293000000000;372000000000;485000000000;680000000000;884000000000;1130000000000;1470000000000;1860000000000;2730000000000;3250000000000;3140000000000;2950000000000;3110000000000;3420000000000;3780000000000;4390000000000;5630000000000;7580000000000;9850000000000;12500000000000;15500000000000;19900000000000;24900000000000;28400000000000;30100000000000;31700000000000;35500000000000;38700000000000;38700000000000;38400000000000;42100000000000;43100000000000;45200000000000;45100000000000;64900000000000;64500000000000;71200000000000;44200000000000;28200000000000;23700000000000;23900000000000;22200000000000;11800000000000;7820000000000;4650000000000;3170000000000;2200000000000;2110000000000;1060000000000;165000000000,natural
b1p3_g01,1.3,1,1,88,26857911,6.47e+17,6.47e+17,6.47e+17,0.0,94,94,94,26857911,647000000000000000,grid
b1p3_g02,1.3,2,2,88,26857911,2.13e+16,1.18e+16,1.065e+16,0.10611990397104316,78,94,78;94,26368992;488919,9540000000000000;11800000000000000,grid
b1p3_g03,1.3,3,3,88,26857911,6230000000000000.0,2370000000000000.0,2076666666666666.8,0.1036028222350236,72,94,72;82;94,24824311;1935221;98379,1860000000000000;2000000000000000;2370000000000000,grid
b1p3_g04,1.3,4,4,88,26857911,3460000000000000.0,1050000000000000.0,865000000000000.0,0.12676631368760158,69,94,69;77;84;94,23194475;3031396;599880;32160,792000000000000;844000000000000;1050000000000000;775000000000000,grid
b1p3_g05,1.3,5,5,88,26857911,2650000000000000.0,598000000000000.0,530000000000000.0,0.11386600958199707,68,94,68;75;80;85;94,22621684;3215901;737209;263481;19636,594000000000000;530000000000000;451000000000000;598000000000000;473000000000000,grid
b1p3_g06,1.3,6,6,88,26857911,2020000000000000.0,418000000000000.0,336666666666666.7,0.20223605421717178,66,94,66;73;78;82;86;94,21480467;3732865;1155660;390540;88638;9741,334000000000000;364000000000000;418000000000000;404000000000000;262000000000000;235000000000000,grid
b1p3_g07,1.3,7,7,88,26857911,1790000000000000.0,291000000000000.0,255714285714285.72,0.10897578506958082,65,94,65;72;76;79;82;86;94,20948004;3876307;1226918;432289;276014;88638;9741,250000000000000;291000000000000;263000000000000;203000000000000;285000000000000;262000000000000;235000000000000,grid
b1p3_g08,1.3,8,8,88,26857911,1630000000000000.0,245000000000000.0,203750000000000.0,0.1893828363593604,64,94,64;71;75;78;81;83;86;94,20452237;3896069;1489279;531407;306473;129633;43072;9741,188000000000000;225000000000000;245000000000000;192000000000000;244000000000000;174000000000000;127000000000000;235000000000000,grid
b1p3_g09,1.3,9,9,88,26857911,1450000000000000.0,203000000000000.0,161111111111111.12,0.18302777837680959,63,94,63;70;73;76;79;81;83;87;94,19937005;3846393;1429934;837897;432289;191947;129633;48703;4110,141000000000000;171000000000000;139000000000000;179000000000000;203000000000000;153000000000000;174000000000000;187000000000000;99000000000000,grid
b1p3_g10,1.3,10,10,88,26857911,1370000000000000.0,187000000000000.0,137000000000000.0,0.2171578850031026,62,94,62;69;72;75;77;79;81;83;87;94,19349203;3845272;1629836;1013274;388286;257647;191947;129633;48703;4110,105000000000000;131000000000000;122000000000000;167000000000000;108000000000000;121000000000000;153000000000000;174000000000000;187000000000000;99000000000000,grid
b1p3_g11,1.3,11,11,88,26857911,1320000000000000.0,167000000000000.0,120000000000000.0,0.18616290927002294,62,94,62;69;72;75;77;79;81;82;84;87;94,19349203;3845272;1629836;1013274;388286;257647;191947;84067;66219;28050;4110,105000000000000;131000000000000;122000000000000;167000000000000;108000000000000;121000000000000;153000000000000;86900000000000;116000000000000;108000000000000;99000000000000,grid
b1p3_g12,1.3,12,12,88,26857911,1290000000000000.0,131000000000000.0,107500000000000.0,0.1397520274232905,62,94,62;69;72;74;76;78;80;81;82;84;87;94,19349203;3845272;1629836;731428;495490;317763;205802;100671;84067;66219;28050;4110,105000000000000;131000000000000;122000000000000;92700000000000;106000000000000;115000000000000;126000000000000;80100000000000;86900000000000;116000000000000;108000000000000;99000000000000,grid
b1p3_g13,1.3,13,13,88,26857911,1240000000000000.0,121000000000000.0,95384615384615.39,0.18057451095390925,61,94,61;68;71;73;75;77;79;80;81;82;84;87;94,18665042;3956642;1726622;865026;624253;388286;257647;91276;100671;84067;66219;28050;4110,78100000000000;104000000000000;99600000000000;84300000000000;103000000000000;108000000000000;121000000000000;55800000000000;80100000000000;86900000000000;116000000000000;108000000000000;99000000000000,grid
b1p3_g14,1.3,14,14,88,26857911,1230000000000000.0,116000000000000.0,87857142857142.86,0.23573532089250693,61,94,61;68;71;73;75;77;78;79;80;81;82;84;87;94,18665042;3956642;1726622;865026;624253;388286;143121;114526;91276;100671;84067;66219;28050;4110,78100000000000;104000000000000;99600000000000;84300000000000;103000000000000;108000000000000;51800000000000;53900000000000;55800000000000;80100000000000;86900000000000;116000000000000;108000000000000;99000000000000,grid
b1p3_g15,1.3,15,15,88,26857911,1210000000000000.0,108000000000000.0,80666666666666.67,0.2831266731801287,61,94,61;68;71;73;75;77;78;79;80;81;82;83;84;87;94,18665042;3956642;1726622;865026;624253;388286;143121;114526;91276;100671;84067;45566;20653;28050;4110,78100000000000;104000000000000;99600000000000;84300000000000;103000000000000;108000000000000;51800000000000;53900000000000;55800000000000;80100000000000;86900000000000;61200000000000;36100000000000;108000000000000;99000000000000,grid
b1p3_g16,1.3,16,16,88,26857911,1190000000000000.0,104000000000000.0,74375000000000.0,0.2686859380836999,61,94,61;68;71;73;75;76;77;78;79;80;81;82;83;85;87;94,18665042;3956642;1726622;865026;624253;213644;174642;143121;114526;91276;100671;84067;45566;33177;15526;4110,78100000000000;104000000000000;99600000000000;84300000000000;103000000000000;45800000000000;48600000000000;51800000000000;53900000000000;55800000000000;80100000000000;86900000000000;61200000000000;75400000000000;59600000000000;99000000000000,grid
b1p3_g17,1.3,17,17,88,26857911,1130000000000000.0,92700000000000.0,66470588235294.12,0.24011114846046838,61,94,61;67;70;72;74;75;76;77;78;79;80;81;82;83;85;88;94,18665042;3381278;1737078;1040913;731428;281846;213644;174642;143121;114526;91276;100671;84067;45566;33177;17734;1902,78100000000000;68300000000000;77100000000000;78100000000000;92700000000000;46400000000000;45800000000000;48600000000000;51800000000000;53900000000000;55800000000000;80100000000000;86900000000000;61200000000000;75400000000000;88500000000000;45900000000000,grid
b1p3_g18,1.3,18,18,88,26857911,1120000000000000.0,88500000000000.0,62222222222222.22,0.25951221167837957,61,94,61;67;70;72;73;74;75;76;77;78;79;80;81;82;83;85;88;94,18665042;3381278;1737078;1040913;389021;342407;281846;213644;174642;143121;114526;91276;100671;84067;45566;33177;17734;1902,78100000000000;68300000000000;77100000000000;78100000000000;37900000000000;43400000000000;46400000000000;45800000000000;48600000000000;51800000000000;53900000000000;55800000000000;80100000000000;86900000000000;61200000000000;75400000000000;88500000000000;45900000000000,grid
b1p3_g19,1.3,19,19,88,26857911,1100000000000000.0,86900000000000.0,57894736842105.266,0.27201715125799036,61,94,61;67;70;72;73;74;75;76;77;78;79;80;81;82;83;84;86;88;94,18665042;3381278;1737078;1040913;389021;342407;281846;213644;174642;143121;114526;91276;100671;84067;45566;20653;22419;7839;1902,78100000000000;68300000000000;77100000000000;78100000000000;37900000000000;43400000000000;46400000000000;45800000000000;48600000000000;51800000000000;53900000000000;55800000000000;80100000000000;86900000000000;61200000000000;36100000000000;66200000000000;39100000000000;45900000000000,grid
b1p3_g20,1.3,20,20,88,26857911,1070000000000000.0,86900000000000.0,53500000000000.0,0.25213352865528116,60,94,60;66;69;71;72;73;74;75;76;77;78;79;80;81;82;83;84;86;88;94,17812528;3667939;1714008;1153831;476005;389021;342407;281846;213644;174642;143121;114526;91276;100671;84067;45566;20653;22419;7839;1902,57300000000000;57000000000000;58500000000000;66600000000000;35700000000000;37900000000000;43400000000000;46400000000000;45800000000000;48600000000000;51800000000000;53900000000000;55800000000000;80100000000000;86900000000000;61200000000000;36100000000000;66200000000000;39100000000000;45900000000000,grid
b1p3_g88,1.3,88,88,88,26857911,942000000000000.0,86900000000000.0,10704545454545.455,1.8325232805939253,7,94,7;8;9;10;11;12;13;14;15;16;17;18;19;20;21;22;23;24;25;26;27;28;29;30;31;32;33;34;35;36;37;38;39;40;41;42;43;44;45;46;47;48;49;50;51;52;53;54;55;56;57;58;59;60;61;62;63;64;65;66;67;68;69;70;71;72;73;74;75;76;77;78;79;80;81;82;83;84;85;86;87;88;89;90;91;92;93;94,2177;1113;1109;1488;2058;2208;2326;3120;3019;3814;4686;7329;7499;10175;15161;12902;15162;17803;19653;20732;23408;25396;29509;34732;39590;44016;48592;55732;67500;84649;96938;119414;205605;300169;299215;321218;341456;373418;436877;506996;559928;647615;748937;841815;909996;936010;961624;1050454;1156559;1181279;1236429;1291096;1486132;1196690;852514;684161;587802;515232;495767;532463;565853;575364;572791;588923;564908;476005;389021;342407;281846;213644;174642;143121;114526;91276;100671;84067;45566;20653;12524;9895;5631;2208;1016;456;238;149;41;2,12500;12500;12500;12500;12500;12500;12500;12500;12500;7830000;9610000;15000000;15400000;20900000;31100000;26400000;31100000;36500000;40300000;42500000;48000000;52000000;60500000;71200000;81100000;90200000;199000000;228000000;415000000;520000000;794000000;1220000000;2950000000;5530000000;6740000000;9210000000;13300000000;18400000000;27700000000;41500000000;59600000000;90200000000;135000000000;197000000000;278000000000;370000000000;494000000000;701000000000;1000000000000;1330000000000;1810000000000;2460000000000;3680000000000;3850000000000;3570000000000;3720000000000;4160000000000;4740000000000;5930000000000;8270000000000;11400000000000;15100000000000;19600000000000;26100000000000;32600000000000;35700000000000;37900000000000;43400000000000;46400000000000;45800000000000;48600000000000;51800000000000;53900000000000;55800000000000;80100000000000;86900000000000;61200000000000;36100000000000;28500000000000;29200000000000;21600000000000;11000000000000;6590000000000;3850000000000;2630000000000;2170000000000;889000000000;193000000000,natural
b1p4_g01,1.4,1,1,69,26857911,6.3e+17,6.3e+17,6.3e+17,0.0,73,73,73,26857911,630000000000000000,grid
b1p4_g02,1.4,2,2,69,26857911,2.1e+16,1.09e+16,1.05e+16,0.0380952380952381,61,73,61;73,26429347;428564,10900000000000000;10100000000000000,grid
b1p4_g03,1.4,3,3,69,26857911,5920000000000000.0,2170000000000000.0,1973333333333333.2,0.07357189777156274,56,73,56;64;73,24867008;1912835;78068,1910000000000000;2170000000000000;1830000000000000,grid
b1p4_g04,1.4,4,4,69,26857911,3520000000000000.0,923000000000000.0,880000000000000.0,0.045290898598590076,54,73,54;60;65;73,23509501;2752719;557767;37924,923000000000000;814000000000000;887000000000000;890000000000000,grid
b1p4_g05,1.4,5,5,69,26857911,2580000000000000.0,628000000000000.0,516000000000000.0,0.13354386659457537,52,73,52;58;62;66;73,22029589;3719900;806144;281853;20425,442000000000000;561000000000000;467000000000000;628000000000000;480000000000000,grid
b1p4_g06,1.4,6,6,69,26857911,2000000000000000.0,449000000000000.0,333333333333333.3,0.30700162866017505,51,73,51;57;61;64;67;73,21308803;4035731;1084813;350496;69996;8072,305000000000000;435000000000000;449000000000000;398000000000000;218000000000000;189000000000000,grid
b1p4_g07,1.4,7,7,69,26857911,1790000000000000.0,305000000000000.0,255714285714285.72,0.15134716460286282,51,73,51;56;59;62;64;67;73,21308803;3558205;1174208;514417;224210;69996;8072,305000000000000;274000000000000;248000000000000;298000000000000;255000000000000;218000000000000;189000000000000,grid
b1p4_g08,1.4,8,8,69,26857911,1620000000000000.0,255000000000000.0,202500000000000.0,0.1504958020510694,50,73,50;55;58;60;62;64;67;73,20650892;3600367;1498230;512731;293413;224210;69996;8072,211000000000000;198000000000000;226000000000000;152000000000000;170000000000000;255000000000000;218000000000000;189000000000000,grid
b1p4_g09,1.4,9,9,69,26857911,1510000000000000.0,218000000000000.0,167777777777777.78,0.20013919983709766,49,73,49;54;57;59;61;63;64;67;73,20003528;3505973;1835033;696682;388131;251849;98647;69996;8072,146000000000000;138000000000000;198000000000000;147000000000000;161000000000000;204000000000000;112000000000000;218000000000000;189000000000000,grid
b1p4_g10,1.4,10,10,69,26857911,1450000000000000.0,204000000000000.0,145000000000000.0,0.2997884311448257,49,73,49;54;57;59;61;63;64;65;67;73,20003528;3505973;1835033;696682;388131;251849;98647;40144;29852;8072,146000000000000;138000000000000;198000000000000;147000000000000;161000000000000;204000000000000;112000000000000;63900000000000;93100000000000;189000000000000,grid
b1p4_g11,1.4,11,11,69,26857911,1340000000000000.0,170000000000000.0,121818181818181.81,0.2747120447072533,49,73,49;54;56;58;60;62;63;64;65;68;73,20003528;3505973;1357507;882481;512731;293413;125563;98647;40144;35083;2841,146000000000000;138000000000000;105000000000000;133000000000000;152000000000000;170000000000000;102000000000000;112000000000000;63900000000000;153000000000000;66900000000000,grid
b1p4_g12,1.4,12,12,69,26857911,1300000000000000.0,152000000000000.0,108333333333333.33,0.2762647730928991,49,73,49;54;56;58;60;61;62;63;64;66;68;73,20003528;3505973;1357507;882481;512731;167127;126286;125563;98647;57643;17584;2841,146000000000000;138000000000000;105000000000000;133000000000000;152000000000000;69200000000000;73200000000000;102000000000000;112000000000000;128000000000000;76700000000000;66900000000000,grid
b1p4_g13,1.4,13,13,69,26857911,1280000000000000.0,146000000000000.0,98461538461538.47,0.30263763575308794,49,73,49;54;56;58;59;60;61;62;63;64;66;68;73,20003528;3505973;1357507;882481;291727;221004;167127;126286;125563;98647;57643;17584;2841,146000000000000;138000000000000;105000000000000;133000000000000;61600000000000;65400000000000;69200000000000;73200000000000;102000000000000;112000000000000;128000000000000;76700000000000;66900000000000,grid
b1p4_g14,1.4,14,14,69,26857911,1220000000000000.0,128000000000000.0,87142857142857.14,0.24967118930319754,48,73,48;53;55;57;58;59;60;61;62;63;64;66;68;73,19247214;3517850;1486195;1093275;404955;291727;221004;167127;126286;125563;98647;57643;17584;2841,100000000000000;98700000000000;81700000000000;118000000000000;61100000000000;61600000000000;65400000000000;69200000000000;73200000000000;102000000000000;112000000000000;128000000000000;76700000000000;66900000000000,grid
b1p4_g15,1.4,15,15,69,26857911,1190000000000000.0,118000000000000.0,79333333333333.33,0.2701840762668017,48,73,48;53;55;57;58;59;60;61;62;63;64;65;66;68;73,19247214;3517850;1486195;1093275;404955;291727;221004;167127;126286;125563;98647;40144;17499;17584;2841,100000000000000;98700000000000;81700000000000;118000000000000;61100000000000;61600000000000;65400000000000;69200000000000;73200000000000;102000000000000;112000000000000;63900000000000;39000000000000;76700000000000;66900000000000,grid
b1p4_g16,1.4,16,16,69,26857911,1170000000000000.0,112000000000000.0,73125000000000.0,0.27728129200357404,48,73,48;53;55;56;57;58;59;60;61;62;63;64;65;66;68;73,19247214;3517850;1486195;615749;477526;404955;291727;221004;167127;126286;125563;98647;40144;17499;17584;2841,100000000000000;98700000000000;81700000000000;47400000000000;51500000000000;61100000000000;61600000000000;65400000000000;69200000000000;73200000000000;102000000000000;112000000000000;63900000000000;39000000000000;76700000000000;66900000000000,grid
b1p4_g17,1.4,17,17,69,26857911,1130000000000000.0,112000000000000.0,66470588235294.12,0.27521657225079205,47,73,47;52;54;55;56;57;58;59;60;61;62;63;64;65;66;68;73,18323032;3706557;1479912;741758;615749;477526;404955;291727;221004;167127;126286;125563;98647;40144;17499;17584;2841,68300000000000;74300000000000;58100000000000;40800000000000;47400000000000;51500000000000;61100000000000;61600000000000;65400000000000;69200000000000;73200000000000;102000000000000;112000000000000;63900000000000;39000000000000;76700000000000;66900000000000,grid
b1p4_g18,1.4,18,18,69,26857911,1090000000000000.0,112000000000000.0,60555555555555.555,0.34979434120344394,45,73,45;49;52;54;55;56;57;58;59;60;61;62;63;64;65;66;68;73,15120053;4883475;2026061;1479912;741758;615749;477526;404955;291727;221004;167127;126286;125563;98647;40144;17499;17584;2841,28800000000000;35700000000000;40600000000000;58100000000000;40800000000000;47400000000000;51500000000000;61100000000000;61600000000000;65400000000000;69200000000000;73200000000000;102000000000000;112000000000000;63900000000000;39000000000000;76700000000000;66900000000000,grid
b1p4_g19,1.4,19,19,69,26857911,1090000000000000.0,112000000000000.0,57368421052631.58,0.4083813231637774,45,73,45;49;52;53;54;55;56;57;58;59;60;61;62;63;64;65;66;68;73,15120053;4883475;2026061;735475;744437;741758;615749;477526;404955;291727;221004;167127;126286;125563;98647;40144;17499;17584;2841,28800000000000;35700000000000;40600000000000;20600000000000;29200000000000;40800000000000;47400000000000;51500000000000;61100000000000;61600000000000;65400000000000;69200000000000;73200000000000;102000000000000;112000000000000;63900000000000;39000000000000;76700000000000;66900000000000,grid
b1p4_g20,1.4,20,20,69,26857911,1070000000000000.0,112000000000000.0,53500000000000.0,0.48809497220864917,44,73,44;47;50;52;53;54;55;56;57;58;59;60;61;62;63;64;65;66;68;73,13480464;4842568;2327860;1378697;735475;744437;741758;615749;477526;404955;291727;221004;167127;126286;125563;98647;40144;17499;17584;2841,18300000000000;18000000000000;23800000000000;27600000000000;20600000000000;29200000000000;40800000000000;47400000000000;51500000000000;61100000000000;61600000000000;65400000000000;69200000000000;73200000000000;102000000000000;112000000000000;63900000000000;39000000000000;76700000000000;66900000000000,grid
b1p4_g69,1.4,69,69,69,26857911,980000000000000.0,112000000000000.0,14202898550724.637,1.8384945033071687,5,73,5;6;7;8;9;10;11;12;13;14;15;16;17;18;19;20;21;22;23;24;25;26;27;28;29;30;31;32;33;34;35;36;37;38;39;40;41;42;43;44;45;46;47;48;49;50;51;52;53;54;55;56;57;58;59;60;61;62;63;64;65;66;67;68;69;70;71;72;73,1220;2070;1515;2181;2629;3124;3867;4676;5642;9090;10652;17754;16820;20351;24391;26022;30040;34390;41930;50346;57721;66236;82752;108391;133415;201904;381045;388415;423555;467441;562792;669276;781723;943657;1095304;1186770;1220175;1357493;1484441;1559248;1639589;1864715;1338264;924182;756314;647364;657911;720786;735475;744437;741758;615749;477526;404955;291727;221004;167127;126286;125563;98647;40144;17499;12353;5231;1794;633;304;104;6,12500;12500;12500;12500;12500;12500;12500;12500;11600000;18600000;21800000;36400000;34500000;41700000;50000000;53300000;61500000;70400000;85900000;103000000;236000000;271000000;508000000;888000000;1370000000;2480000000;7020000000;9550000000;14700000000;22000000000;38000000000;61700000000;101000000000;172000000000;278000000000;420000000000;605000000000;942000000000;1440000000000;2120000000000;3120000000000;4960000000000;4990000000000;4820000000000;5530000000000;6620000000000;9420000000000;14400000000000;20600000000000;29200000000000;40800000000000;47400000000000;51500000000000;61100000000000;61600000000000;65400000000000;69200000000000;73200000000000;102000000000000;112000000000000;63900000000000;39000000000000;38500000000000;22800000000000;11000000000000;5480000000000;3640000000000;1740000000000;188000000000,natural
b1p5_g01,1.5,1,1,57,26857911,5.34e+17,5.34e+17,5.34e+17,0.0,60,60,60,26857911,534000000000000000,grid
b1p5_g02,1.5,2,2,57,26857911,1.93e+16,1.02e+16,9650000000000000.0,0.05751528726067839,50,60,50;60,26345785;512126,9090000000000000;10200000000000000,grid
b1p5_g03,1.5,3,3,57,26857911,5620000000000000.0,2470000000000000.0,1873333333333333.2,0.23150143186820557,46,60,46;53;60,24662437;2121868;73606,1680000000000000;2470000000000000;1460000000000000,grid
b1p5_g04,1.5,4,4,57,26857911,3430000000000000.0,1080000000000000.0,857500000000000.0,0.18185036253016706,45,60,45;50;54;60,23836730;2509055;479942;32184,1080000000000000;866000000000000;838000000000000;640000000000000,grid
b1p5_g05,1.5,5,5,57,26857911,2580000000000000.0,640000000000000.0,516000000000000.0,0.17322155983462037,43,60,43;48;51;54;60,22045661;3720068;752193;307805;32184,445000000000000;570000000000000;389000000000000;538000000000000;640000000000000,grid
b1p5_g06,1.5,6,6,57,26857911,2070000000000000.0,460000000000000.0,345000000000000.0,0.2232668160150885,42,60,42;47;50;52;55;60,21182342;4092877;1070566;322344;175576;14206,285000000000000;418000000000000;369000000000000;250000000000000;460000000000000;283000000000000,grid
b1p5_g07,1.5,7,7,57,26857911,1820000000000000.0,331000000000000.0,260000000000000.0,0.2155023226246893,42,60,42;46;49;51;53;55;60,21182342;3480095;1438664;416821;266383;59400;14206,285000000000000;237000000000000;331000000000000;216000000000000;310000000000000;156000000000000;283000000000000,grid
b1p5_g08,1.5,8,8,57,26857911,1720000000000000.0,285000000000000.0,215000000000000.0,0.25184554058295283,42,60,42;46;48;50;52;53;55;60,21182342;3480095;1103292;580056;322344;116176;59400;14206,285000000000000;237000000000000;169000000000000;200000000000000;250000000000000;135000000000000;156000000000000;283000000000000,grid
b1p5_g09,1.5,9,9,57,26857911,1490000000000000.0,274000000000000.0,165555555555555.56,0.3306656922164871,41,60,41;45;47;49;51;52;53;56;60,20406689;3430041;1438489;825882;416821;150207;116176;69794;3812,183000000000000;156000000000000;147000000000000;190000000000000;216000000000000;117000000000000;135000000000000;274000000000000;75900000000000,grid
b1p5_g10,1.5,10,10,57,26857911,1400000000000000.0,216000000000000.0,140000000000000.0,0.3235414681809012,41,60,41;45;47;49;51;52;53;54;56;60,20406689;3430041;1438489;825882;416821;150207;116176;41422;28372;3812,183000000000000;156000000000000;147000000000000;190000000000000;216000000000000;117000000000000;135000000000000;72300000000000;111000000000000;75900000000000,grid
b1p5_g11,1.5,11,11,57,26857911,1360000000000000.0,190000000000000.0,123636363636363.64,0.3226156631864268,41,60,41;45;47;49;50;51;52;53;54;56;60,20406689;3430041;1438489;825882;244684;172137;150207;116176;41422;28372;3812,183000000000000;156000000000000;147000000000000;190000000000000;84400000000000;89100000000000;117000000000000;135000000000000;72300000000000;111000000000000;75900000000000,grid
b1p5_g12,1.5,12,12,57,26857911,1270000000000000.0,169000000000000.0,105833333333333.33,0.25681867360389166,40,60,40;44;46;48;49;50;51;52;53;54;56;60,19573842;3357220;1731375;1103292;335372;244684;172137;150207;116176;41422;28372;3812,117000000000000;102000000000000;118000000000000;169000000000000;77100000000000;84400000000000;89100000000000;117000000000000;135000000000000;72300000000000;111000000000000;75900000000000,grid
b1p5_g13,1.5,13,13,57,26857911,1240000000000000.0,135000000000000.0,95384615384615.39,0.2288081593329121,40,60,40;44;46;47;48;49;50;51;52;53;54;56;60,19573842;3357220;1731375;612782;490510;335372;244684;172137;150207;116176;41422;28372;3812,117000000000000;102000000000000;118000000000000;62600000000000;75200000000000;77100000000000;84400000000000;89100000000000;117000000000000;135000000000000;72300000000000;111000000000000;75900000000000,grid
b1p5_g14,1.5,14,14,57,26857911,1180000000000000.0,135000000000000.0,84285714285714.28,0.25114898277398146,39,60,39;43;45;46;47;48;49;50;51;52;53;54;56;60,18528893;3516768;1791069;825707;612782;490510;335372;244684;172137;150207;116176;41422;28372;3812,73900000000000;71000000000000;81400000000000;56300000000000;62600000000000;75200000000000;77100000000000;84400000000000;89100000000000;117000000000000;135000000000000;72300000000000;111000000000000;75900000000000,grid
b1p5_g15,1.5,15,15,57,26857911,1150000000000000.0,135000000000000.0,76666666666666.67,0.3413857006339801,38,60,38;42;44;45;46;47;48;49;50;51;52;53;54;56;60,16979522;4202820;1748720;905668;825707;612782;490510;335372;244684;172137;150207;116176;41422;28372;3812,45200000000000;56600000000000;53000000000000;41100000000000;56300000000000;62600000000000;75200000000000;77100000000000;84400000000000;89100000000000;117000000000000;135000000000000;72300000000000;111000000000000;75900000000000,grid
b1p5_g16,1.5,16,16,57,26857911,1130000000000000.0,135000000000000.0,70625000000000.0,0.43716506035960473,38,60,38;41;43;44;45;46;47;48;49;50;51;52;53;54;56;60,16979522;3427167;1638972;885401;905668;825707;612782;490510;335372;244684;172137;150207;116176;41422;28372;3812,45200000000000;30800000000000;33100000000000;26800000000000;41100000000000;56300000000000;62600000000000;75200000000000;77100000000000;84400000000000;89100000000000;117000000000000;135000000000000;72300000000000;111000000000000;75900000000000,grid
b1p5_g17,1.5,17,17,57,26857911,1120000000000000.0,135000000000000.0,65882352941176.47,0.5225851287940891,37,60,37;40;42;43;44;45;46;47;48;49;50;51;52;53;54;56;60,14748048;4825794;1608500;863319;885401;905668;825707;612782;490510;335372;244684;172137;150207;116176;41422;28372;3812,26200000000000;28900000000000;21700000000000;17400000000000;26800000000000;41100000000000;56300000000000;62600000000000;75200000000000;77100000000000;84400000000000;89100000000000;117000000000000;135000000000000;72300000000000;111000000000000;75900000000000,grid
b1p5_g18,1.5,18,18,57,26857911,1110000000000000.0,135000000000000.0,61666666666666.664,0.6037675318612513,36,60,36;38;40;42;43;44;45;46;47;48;49;50;51;52;53;54;56;60,12822949;4156573;2594320;1608500;863319;885401;905668;825707;612782;490510;335372;244684;172137;150207;116176;41422;28372;3812,15200000000000;11100000000000;15500000000000;21700000000000;17400000000000;26800000000000;41100000000000;56300000000000;62600000000000;75200000000000;77100000000000;84400000000000;89100000000000;117000000000000;135000000000000;72300000000000;111000000000000;75900000000000,grid
b1p5_g19,1.5,19,19,57,26857911,1100000000000000.0,135000000000000.0,57894736842105.266,0.6708086751041918,36,60,36;38;40;41;42;43;44;45;46;47;48;49;50;51;52;53;54;56;60,12822949;4156573;2594320;832847;775653;863319;885401;905668;825707;612782;490510;335372;244684;172137;150207;116176;41422;28372;3812,15200000000000;11100000000000;15500000000000;7470000000000;10400000000000;17400000000000;26800000000000;41100000000000;56300000000000;62600000000000;75200000000000;77100000000000;84400000000000;89100000000000;117000000000000;135000000000000;72300000000000;111000000000000;75900000000000,grid
b1p5_g20,1.5,20,20,57,26857911,1100000000000000.0,135000000000000.0,55000000000000.0,0.729569156227844,35,60,35;37;39;40;41;42;43;44;45;46;47;48;49;50;51;52;53;54;56;60,10996187;3751861;3780845;1044949;832847;775653;863319;885401;905668;825707;612782;490510;335372;244684;172137;150207;116176;41422;28372;3812,8670000000000;6650000000000;15100000000000;6250000000000;7470000000000;10400000000000;17400000000000;26800000000000;41100000000000;56300000000000;62600000000000;75200000000000;77100000000000;84400000000000;89100000000000;117000000000000;135000000000000;72300000000000;111000000000000;75900000000000,grid
b1p5_g57,1.5,57,57,57,26857911,1020000000000000.0,135000000000000.0,17894736842105.26,1.8132085604627421,4,60,4;5;6;7;8;9;10;11;12;13;14;15;16;17;18;19;20;21;22;23;24;25;26;27;28;29;30;31;32;33;34;35;36;37;38;39;40;41;42;43;44;45;46;47;48;49;50;51;52;53;54;55;56;57;58;59;60,1220;2449;2218;2773;3599;4570;5603;8705;11467;18431;21555;25513;30056;34501;39859;50616;62365;73252;90776;125154;162189;306504;461060;494918;553462;685613;834619;1028970;1263465;1419714;1477961;1693030;1826762;1925099;2231474;1549371;1044949;832847;775653;863319;885401;905668;825707;612782;490510;335372;244684;172137;150207;116176;41422;17978;10394;2648;785;318;61,12500;12500;12500;12500;12500;12500;11500000;17900000;23500000;37800000;44200000;52300000;61600000;70700000;81700000;104000000;128000000;300000000;372000000;769000000;1660000000;4390000000;9440000000;15200000000;26100000000;47700000000;87200000000;160000000000;295000000000;497000000000;778000000000;1330000000000;2160000000000;3410000000000;5940000000000;6180000000000;6250000000000;7470000000000;10400000000000;17400000000000;26800000000000;41100000000000;56300000000000;62600000000000;75200000000000;77100000000000;84400000000000;89100000000000;117000000000000;135000000000000;72300000000000;47100000000000;40900000000000;15600000000000;7000000000000;4240000000000;1270000000000,natural
b1p75_g01,1.75,1,1,42,26857911,8.37e+17,8.37e+17,8.37e+17,0.0,44,44,44,26857911,837000000000000000,grid
b1p75_g02,1.75,2,2,42,26857911,2.49e+16,1.56e+16,1.245e+16,0.25141075478806163,36,44,36;44,26359131;498780,9340000000000000;15600000000000000,grid
b1p75_g03,1.75,3,3,42,26857911,6690000000000000.0,2720000000000000.0,2230000000000000.0,0.2029529896588092,33,44,33;38;44,24608687;2162031;87193,1630000000000000;2350000000000000;2720000000000000,grid
b1p75_g04,1.75,4,4,42,26857911,3680000000000000.0,1040000000000000.0,920000000000000.0,0.07589066294424632,32,44,32;36;39;44,23423246;2935885;471095;27685,885000000000000;1040000000000000;895000000000000;863000000000000,grid
b1p75_g05,1.75,5,5,42,26857911,2550000000000000.0,825000000000000.0,510000000000000.0,0.4986718230278222,31,44,31;35;38;40;44,22192215;3818017;760486;80753;6440,479000000000000;773000000000000;825000000000000;268000000000000;201000000000000,grid
b1p75_g06,1.75,6,6,42,26857911,2100000000000000.0,479000000000000.0,350000000000000.0,0.27646948140736954,31,44,31;34;36;38;40;44,22192215;3245047;921869;411587;80753;6440,479000000000000;376000000000000;327000000000000;447000000000000;268000000000000;201000000000000,grid
b1p75_g07,1.75,7,7,42,26857911,1810000000000000.0,353000000000000.0,258571428571428.56,0.18518427172101332,30,44,30;33;35;37;38;40;44,21010315;3598372;1401545;569661;190825;80753;6440,259000000000000;238000000000000;284000000000000;353000000000000;207000000000000;268000000000000;201000000000000,grid
b1p75_g08,1.75,8,8,42,26857911,1720000000000000.0,284000000000000.0,215000000000000.0,0.2582337979998383,30,44,30;33;35;36;37;38;40;44,21010315;3598372;1401545;348899;220762;190825;80753;6440,259000000000000;238000000000000;284000000000000;124000000000000;137000000000000;207000000000000;268000000000000;201000000000000,grid
b1p75_g09,1.75,9,9,42,26857911,1560000000000000.0,268000000000000.0,173333333333333.34,0.2992573813227238,29,44,29;32;34;35;36;37;38;40;44,19931070;3492176;2014016;572970;348899;220762;190825;80753;6440,141000000000000;132000000000000;233000000000000;116000000000000;124000000000000;137000000000000;207000000000000;268000000000000;201000000000000,grid
b1p75_g10,1.75,10,10,42,26857911,1470000000000000.0,233000000000000.0,147000000000000.0,0.3245116152335553,29,44,29;32;34;35;36;37;38;39;40;44,19931070;3492176;2014016;572970;348899;220762;190825;59508;21245;6440,141000000000000;132000000000000;233000000000000;116000000000000;124000000000000;137000000000000;207000000000000;113000000000000;70600000000000;201000000000000,grid
b1p75_g11,1.75,11,11,42,26857911,1420000000000000.0,207000000000000.0,129090909090909.1,0.3219658160565905,29,44,29;32;33;34;35;36;37;38;39;40;44,19931070;3492176;1185441;828575;572970;348899;220762;190825;59508;21245;6440,141000000000000;132000000000000;78400000000000;95900000000000;116000000000000;124000000000000;137000000000000;207000000000000;113000000000000;70600000000000;201000000000000,grid
b1p75_g12,1.75,12,12,42,26857911,1340000000000000.0,207000000000000.0,111666666666666.67,0.4297180817252627,28,44,28;31;32;33;34;35;36;37;38;39;40;44,18558590;3633625;1231031;1185441;828575;572970;348899;220762;190825;59508;21245;6440,74800000000000;78500000000000;46500000000000;78400000000000;95900000000000;116000000000000;124000000000000;137000000000000;207000000000000;113000000000000;70600000000000;201000000000000,grid
b1p75_g13,1.75,13,13,42,26857911,1300000000000000.0,207000000000000.0,100000000000000.0,0.5562001576632422,27,44,27;29;31;32;33;34;35;36;37;38;39;40;44,16219780;3711290;2261145;1231031;1185441;828575;572970;348899;220762;190825;59508;21245;6440,37400000000000;26200000000000;48800000000000;46500000000000;78400000000000;95900000000000;116000000000000;124000000000000;137000000000000;207000000000000;113000000000000;70600000000000;201000000000000,grid
b1p75_g14,1.75,14,14,42,26857911,1280000000000000.0,207000000000000.0,91428571428571.42,0.6581455418060802,26,44,26;28;30;31;32;33;34;35;36;37;38;39;40;44,13330769;5227821;2451725;1181900;1231031;1185441;828575;572970;348899;220762;190825;59508;21245;6440,17600000000000;21100000000000;30300000000000;25500000000000;46500000000000;78400000000000;95900000000000;116000000000000;124000000000000;137000000000000;207000000000000;113000000000000;70600000000000;201000000000000,grid
b1p75_g15,1.75,15,15,42,26857911,1280000000000000.0,207000000000000.0,85333333333333.33,0.7358454717871201,26,44,26;28;29;30;31;32;33;34;35;36;37;38;39;40;44,13330769;5227821;1372480;1079245;1181900;1231031;1185441;828575;572970;348899;220762;190825;59508;21245;6440,17600000000000;21100000000000;9680000000000;13300000000000;25500000000000;46500000000000;78400000000000;95900000000000;116000000000000;124000000000000;137000000000000;207000000000000;113000000000000;70600000000000;201000000000000,grid
b1p75_g16,1.75,16,16,42,26857911,1270000000000000.0,207000000000000.0,79375000000000.0,0.814420646242455,25,44,25;27;28;29;30;31;32;33;34;35;36;37;38;39;40;44,10792625;5427155;2338810;1372480;1079245;1181900;1231031;1185441;828575;572970;348899;220762;190825;59508;21245;6440,8130000000000;12500000000000;9430000000000;9680000000000;13300000000000;25500000000000;46500000000000;78400000000000;95900000000000;116000000000000;124000000000000;137000000000000;207000000000000;113000000000000;70600000000000;201000000000000,grid
b1p75_g17,1.75,17,17,42,26857911,1260000000000000.0,207000000000000.0,74117647058823.53,0.8856185670031487,24,44,24;26;27;28;29;30;31;32;33;34;35;36;37;38;39;40;44,8559388;4771381;2889011;2338810;1372480;1079245;1181900;1231031;1185441;828575;572970;348899;220762;190825;59508;21245;6440,3680000000000;6280000000000;6660000000000;9430000000000;9680000000000;13300000000000;25500000000000;46500000000000;78400000000000;95900000000000;116000000000000;124000000000000;137000000000000;207000000000000;113000000000000;70600000000000;201000000000000,grid
b1p75_g18,1.75,18,18,42,26857911,1260000000000000.0,207000000000000.0,70000000000000.0,0.9445667239101574,23,44,23;25;26;27;28;29;30;31;32;33;34;35;36;37;38;39;40;44,6576279;4216346;2538144;2889011;2338810;1372480;1079245;1181900;1231031;1185441;828575;572970;348899;220762;190825;59508;21245;6440,1620000000000;3180000000000;3340000000000;6660000000000;9430000000000;9680000000000;13300000000000;25500000000000;46500000000000;78400000000000;95900000000000;116000000000000;124000000000000;137000000000000;207000000000000;113000000000000;70600000000000;201000000000000,grid
b1p75_g19,1.75,19,19,42,26857911,1260000000000000.0,207000000000000.0,66315789473684.21,0.9993857373686765,22,44,22;24;25;26;27;28;29;30;31;32;33;34;35;36;37;38;39;40;44,4856449;3702939;2233237;2538144;2889011;2338810;1372480;1079245;1181900;1231031;1185441;828575;572970;348899;220762;190825;59508;21245;6440,686000000000;1590000000000;1680000000000;3340000000000;6660000000000;9430000000000;9680000000000;13300000000000;25500000000000;46500000000000;78400000000000;95900000000000;116000000000000;124000000000000;137000000000000;207000000000000;113000000000000;70600000000000;201000000000000,grid
b1p75_g20,1.75,20,20,42,26857911,1260000000000000.0,207000000000000.0,63000000000000.0,1.050977697124857,22,44,22;23;24;25;26;27;28;29;30;31;32;33;34;35;36;37;38;39;40;44,4856449;1719830;1983109;2233237;2538144;2889011;2338810;1372480;1079245;1181900;1231031;1185441;828575;572970;348899;220762;190825;59508;21245;6440,686000000000;423000000000;853000000000;1680000000000;3340000000000;6660000000000;9430000000000;9680000000000;13300000000000;25500000000000;46500000000000;78400000000000;95900000000000;116000000000000;124000000000000;137000000000000;207000000000000;113000000000000;70600000000000;201000000000000,grid
b1p75_g42,1.75,42,42,42,26857911,1100000000000000.0,207000000000000.0,26190476190476.19,1.851616779641418,3,44,3;4;5;6;7;8;9;10;11;12;13;14;15;16;17;18;19;20;21;22;23;24;25;26;27;28;29;30;31;32;33;34;35;36;37;38;39;40;41;42;43;44,2815;2778;4022;5737;7255;13074;20586;30599;38133;45596;56904;78477;99311;135823;206741;439766;649529;745941;985263;1288099;1719830;1983109;2233237;2538144;2889011;2338810;1372480;1079245;1181900;1231031;1185441;828575;572970;348899;220762;190825;59508;21245;5240;949;249;2,12500;12500;12500;12500;14900000;26800000;42200000;62700000;78100000;93400000;117000000;161000000;407000000;835000000;2120000000;7210000000;17300000000;35100000000;80700000000;182000000000;423000000000;853000000000;1680000000000;3340000000000;6660000000000;9430000000000;9680000000000;13300000000000;25500000000000;46500000000000;78400000000000;95900000000000;116000000000000;124000000000000;137000000000000;207000000000000;113000000000000;70600000000000;30500000000000;9690000000000;4560000000000;249000000000,natural
b2p0_g01,2.0,1,1,34,26857911,6.66e+17,6.66e+17,6.66e+17,0.0,35,35,35,26857911,666000000000000000,grid
b2p0_g02,2.0,2,2,34,26857911,2.16e+16,1.13e+16,1.08e+16,0.051135930635126205,29,35,29;35,26400227;457684,10200000000000000;11300000000000000,grid
b2p0_g03,2.0,3,3,34,26857911,5920000000000000.0,2500000000000000.0,1973333333333333.2,0.3552043157349409,27,35,27;31;35,25204307;1613890;39714,2440000000000000;2500000000000000;984000000000000,grid
b2p0_g04,2.0,4,4,34,26857911,3730000000000000.0,1160000000000000.0,932500000000000.0,0.19770113953060475,26,35,26;29;31;35,23979094;2421133;417970;39714,1160000000000000;938000000000000;647000000000000;984000000000000,grid
b2p0_g05,2.0,5,5,34,26857911,2530000000000000.0,684000000000000.0,506000000000000.0,0.31677567177351507,25,35,25;28;30;32;35,22443734;3532489;691292;182154;8242,543000000000000;684000000000000;535000000000000;564000000000000;204000000000000,grid
b2p0_g06,2.0,6,6,34,26857911,2100000000000000.0,564000000000000.0,350000000000000.0,0.3923520562637869,24,35,24;27;29;30;32;35,20972505;4231802;1195920;267288;182154;8242,254000000000000;410000000000000;463000000000000;207000000000000;564000000000000;204000000000000,grid
b2p0_g07,2.0,7,7,34,26857911,1870000000000000.0,463000000000000.0,267142857142857.16,0.4394885064177438,24,35,24;27;29;30;31;32;35,20972505;4231802;1195920;267288;150682;31472;8242,254000000000000;410000000000000;463000000000000;207000000000000;233000000000000;97500000000000;204000000000000,grid
b2p0_g08,2.0,8,8,34,26857911,1620000000000000.0,387000000000000.0,202500000000000.0,0.40782899997118566,23,35,23;26;28;29;30;31;32;35,19600200;4378894;1997129;424004;267288;150682;31472;8242,119000000000000;212000000000000;387000000000000;164000000000000;207000000000000;233000000000000;97500000000000;204000000000000,grid
b2p0_g09,2.0,9,9,34,26857911,1510000000000000.0,233000000000000.0,167777777777777.78,0.2747500468856605,23,35,23;26;27;28;29;30;31;32;35,19600200;4378894;1225213;771916;424004;267288;150682;31472;8242,119000000000000;212000000000000;119000000000000;149000000000000;164000000000000;207000000000000;233000000000000;97500000000000;204000000000000,grid
b2p0_g10,2.0,10,10,34,26857911,1420000000000000.0,233000000000000.0,142000000000000.0,0.40108079041063704,22,35,22;25;26;27;28;29;30;31;32;35,17566051;4877683;1535360;1225213;771916;424004;267288;150682;31472;8242,53200000000000;118000000000000;74300000000000;119000000000000;149000000000000;164000000000000;207000000000000;233000000000000;97500000000000;204000000000000,grid
b2p0_g11,2.0,11,11,34,26857911,1380000000000000.0,233000000000000.0,125454545454545.45,0.5387931292498672,22,35,22;24;25;26;27;28;29;30;31;32;35,17566051;3406454;1471229;1535360;1225213;771916;424004;267288;150682;31472;8242,53200000000000;41200000000000;35600000000000;74300000000000;119000000000000;149000000000000;164000000000000;207000000000000;233000000000000;97500000000000;204000000000000,grid
b2p0_g12,2.0,12,12,34,26857911,1360000000000000.0,233000000000000.0,113333333333333.33,0.6600063240233878,21,35,21;23;24;25;26;27;28;29;30;31;32;35,13989625;5610575;1372305;1471229;1535360;1225213;771916;424004;267288;150682;31472;8242,21200000000000;34000000000000;16600000000000;35600000000000;74300000000000;119000000000000;149000000000000;164000000000000;207000000000000;233000000000000;97500000000000;204000000000000,grid
b2p0_g13,2.0,13,13,34,26857911,1340000000000000.0,233000000000000.0,103076923076923.08,0.7653531930657163,20,35,20;22;23;24;25;26;27;28;29;30;31;32;35,10818982;6747069;2034149;1372305;1471229;1535360;1225213;771916;424004;267288;150682;31472;8242,8200000000000;20400000000000;12300000000000;16600000000000;35600000000000;74300000000000;119000000000000;149000000000000;164000000000000;207000000000000;233000000000000;97500000000000;204000000000000,grid
b2p0_g14,2.0,14,14,34,26857911,1340000000000000.0,233000000000000.0,95714285714285.72,0.8443099618331539,20,35,20;21;22;23;24;25;26;27;28;29;30;31;32;35,10818982;3170643;3576426;2034149;1372305;1471229;1535360;1225213;771916;424004;267288;150682;31472;8242,8200000000000;4800000000000;10800000000000;12300000000000;16600000000000;35600000000000;74300000000000;119000000000000;149000000000000;164000000000000;207000000000000;233000000000000;97500000000000;204000000000000,grid
b2p0_g15,2.0,15,15,34,26857911,1330000000000000.0,233000000000000.0,88666666666666.67,0.922803209043422,19,35,19;20;21;22;23;24;25;26;27;28;29;30;31;32;35,8100679;2718303;3170643;3576426;2034149;1372305;1471229;1535360;1225213;771916;424004;267288;150682;31472;8242,3070000000000;2060000000000;4800000000000;10800000000000;12300000000000;16600000000000;35600000000000;74300000000000;119000000000000;149000000000000;164000000000000;207000000000000;233000000000000;97500000000000;204000000000000,grid
b2p0_g16,2.0,16,16,34,26857911,1330000000000000.0,233000000000000.0,83125000000000.0,0.9883636150452192,18,35,18;19;20;21;22;23;24;25;26;27;28;29;30;31;32;35,5723412;2377267;2718303;3170643;3576426;2034149;1372305;1471229;1535360;1225213;771916;424004;267288;150682;31472;8242,1090000000000;901000000000;2060000000000;4800000000000;10800000000000;12300000000000;16600000000000;35600000000000;74300000000000;119000000000000;149000000000000;164000000000000;207000000000000;233000000000000;97500000000000;204000000000000,grid
b2p0_g17,2.0,17,17,34,26857911,1330000000000000.0,233000000000000.0,78235294117647.06,1.0493549859329518,17,35,17;18;19;20;21;22;23;24;25;26;27;28;29;30;31;32;35,3909888;1813524;2377267;2718303;3170643;3576426;2034149;1372305;1471229;1535360;1225213;771916;424004;267288;150682;31472;8242,376000000000;345000000000;901000000000;2060000000000;4800000000000;10800000000000;12300000000000;16600000000000;35600000000000;74300000000000;119000000000000;149000000000000;164000000000000;207000000000000;233000000000000;97500000000000;204000000000000,grid
b2p0_g18,2.0,18,18,34,26857911,1330000000000000.0,233000000000000.0,73888888888888.89,1.106827896409782,16,35,16;17;18;19;20;21;22;23;24;25;26;27;28;29;30;31;32;35,2630043;1279845;1813524;2377267;2718303;3170643;3576426;2034149;1372305;1471229;1535360;1225213;771916;424004;267288;150682;31472;8242,129000000000;123000000000;345000000000;901000000000;2060000000000;4800000000000;10800000000000;12300000000000;16600000000000;35600000000000;74300000000000;119000000000000;149000000000000;164000000000000;207000000000000;233000000000000;97500000000000;204000000000000,grid
b2p0_g19,2.0,19,19,34,26857911,1330000000000000.0,233000000000000.0,70000000000000.0,1.1614075101042403,15,35,15;16;17;18;19;20;21;22;23;24;25;26;27;28;29;30;31;32;35,1712425;917618;1279845;1813524;2377267;2718303;3170643;3576426;2034149;1372305;1471229;1535360;1225213;771916;424004;267288;150682;31472;8242,42100000000;45100000000;123000000000;345000000000;901000000000;2060000000000;4800000000000;10800000000000;12300000000000;16600000000000;35600000000000;74300000000000;119000000000000;149000000000000;164000000000000;207000000000000;233000000000000;97500000000000;204000000000000,grid
b2p0_g20,2.0,20,20,34,26857911,1330000000000000.0,233000000000000.0,66500000000000.0,1.2135160562349425,14,35,14;15;16;17;18;19;20;21;22;23;24;25;26;27;28;29;30;31;32;35,926100;786325;917618;1279845;1813524;2377267;2718303;3170643;3576426;2034149;1372305;1471229;1535360;1225213;771916;424004;267288;150682;31472;8242,11400000000;19300000000;45100000000;123000000000;345000000000;901000000000;2060000000000;4800000000000;10800000000000;12300000000000;16600000000000;35600000000000;74300000000000;119000000000000;149000000000000;164000000000000;207000000000000;233000000000000;97500000000000;204000000000000,grid
b2p0_g34,2.0,34,34,34,26857911,1190000000000000.0,233000000000000.0,35000000000000.0,1.8205352335693148,2,35,2;3;4;5;6;7;8;9;10;11;12;13;14;15;16;17;18;19;20;21;22;23;24;25;26;27;28;29;30;31;32;33;34;35,1220;4027;5162;7618;12795;22992;37902;49433;62800;90169;122823;188501;320658;786325;917618;1279845;1813524;2377267;2718303;3170643;3576426;2034149;1372305;1471229;1535360;1225213;771916;424004;267288;150682;31472;7238;912;92,12500;12500;12500;12500;26200000;47100000;77600000;101000000;129000000;185000000;503000000;1160000000;3940000000;19300000000;45100000000;123000000000;345000000000;901000000000;2060000000000;4800000000000;10800000000000;12300000000000;16600000000000;35600000000000;74300000000000;119000000000000;149000000000000;164000000000000;207000000000000;233000000000000;97500000000000;44900000000000;11300000000000;2380000000000,natural
