config_id,base,requested_groups,groups,natural_spans,sample_count,total_size_bytes,max_group_size_bytes,mean_group_size_bytes,group_size_cv,min_span,max_span,group_boundaries,group_samples,group_sizes_bytes,kind
b1p05_g01,1.05,1,1,250,7151516,5330000000000.0,5330000000000.0,5330000000000.0,0.0,297,297,297,7151516,5330000000000,grid
b1p05_g02,1.05,2,2,250,7151516,2150000000000.0,1090000000000.0,1075000000000.0,0.013953488372093023,269,297,269;297,5732885;1418631,1090000000000;1060000000000,grid
b1p05_g03,1.05,3,3,250,7151516,1500000000000.0,521000000000.0,500000000000.0,0.0427239199200323,259,297,259;274;297,4382220;2136207;633089,512000000000;521000000000;472000000000,grid
b1p05_g04,1.05,4,4,250,7151516,1260000000000.0,337000000000.0,315000000000.0,0.0939730800991472,253,297,253;268;276;297,3731803;1850309;1216622;352782,329000000000;337000000000;326000000000;263000000000,grid
b1p05_g05,1.05,5,5,250,7151516,1130000000000.0,245000000000.0,226000000000.0,0.09784665658184062,248,297,248;263;271;277;297,3248305;1631597;1163440;860859;247315,226000000000;234000000000;245000000000;242000000000;184000000000,grid
b1p05_g06,1.05,6,6,250,7151516,1080000000000.0,197000000000.0,180000000000.0,0.0749485420179558,245,297,245;260;268;273;277;297,2981554;1519723;1080835;778395;543694;247315,177000000000;187000000000;197000000000;180000000000;153000000000;184000000000,grid
b1p05_g07,1.05,7,7,250,7151516,1010000000000.0,157000000000.0,144285714285.7143,0.07213467564390884,242,297,242;257;265;270;274;278;297,2739448;1414108;996165;737205;631501;465432;167657,140000000000;151000000000;157000000000;148000000000;154000000000;137000000000;125000000000,grid
b1p05_g08,1.05,8,8,250,7151516,989000000000.0,137000000000.0,123625000000.0,0.1035663749642438,240,297,240;255;263;268;272;275;278;297,2591525;1345859;942518;702210;618650;467171;315926;167657,122000000000;130000000000;135000000000;128000000000;137000000000;120000000000;93200000000;125000000000,grid
b1p05_g09,1.05,9,9,250,7151516,945000000000.0,120000000000.0,105000000000.0,0.08923515323254834,237,297,237;252;260;265;269;272;275;279;297,2383133;1249275;868869;648444;583164;467877;467171;368748;114835,97600000000;105000000000;107000000000;102000000000;111000000000;103000000000;120000000000;114000000000;85600000000,grid
b1p05_g10,1.05,10,10,250,7151516,938000000000.0,111000000000.0,93800000000.0,0.14508494276839887,237,297,237;252;260;265;269;272;274;276;279;297,2383133;1249275;868869;648444;583164;467877;317665;280307;237947;114835,97600000000;105000000000;107000000000;102000000000;111000000000;103000000000;77400000000;75200000000;73600000000;85600000000,grid
b1p05_g11,1.05,11,11,250,7151516,923000000000.0,96600000000.0,83909090909.09091,0.10108261075734618,235,297,235;250;258;263;267;270;272;274;276;279;297,2249852;1187380;828977;613693;554630;452394;313836;317665;280307;237947;114835,82900000000;90000000000;93400000000;88000000000;96600000000;90800000000;69400000000;77400000000;75200000000;73600000000;85600000000,grid
b1p05_g12,1.05,12,12,250,7151516,911000000000.0,85600000000.0,75916666666.66667,0.08088782120736497,234,297,234;248;256;261;265;268;270;272;274;276;279;297,2185155;1063150;795512;580636;525268;432391;304814;313836;317665;280307;237947;114835,76100000000;74000000000;81500000000;74900000000;82800000000;78800000000;61200000000;69400000000;77400000000;75200000000;73600000000;85600000000,grid
b1p05_g13,1.05,13,13,250,7151516,890000000000.0,78700000000.0,68461538461.53846,0.10724758830068673,233,297,233;247;255;260;264;267;269;271;273;275;277;280;297,2120999;1035883;780502;563893;511808;421447;298353;310457;317165;307426;236268;158833;88482,69500000000;67900000000;75100000000;69300000000;76500000000;73400000000;56800000000;65500000000;73400000000;78700000000;66300000000;51700000000;66000000000,grid
b1p05_g14,1.05,14,14,250,7151516,888000000000.0,76500000000.0,63428571428.57143,0.19081495265562334,233,297,233;247;255;260;264;267;269;271;273;274;275;277;280;297,2120999;1035883;780502;563893;511808;421447;298353;310457;317165;157920;149506;236268;158833;88482,69500000000;67900000000;75100000000;69300000000;76500000000;73400000000;56800000000;65500000000;73400000000;38500000000;38300000000;66300000000;51700000000;66000000000,grid
b1p05_g15,1.05,15,15,250,7151516,885000000000.0,71300000000.0,59000000000.0,0.20035829249148732,233,297,233;247;254;259;263;266;268;270;272;273;274;275;277;280;297,2120999;1035883;676537;548801;497682;410392;291818;304814;313836;159745;157920;149506;236268;158833;88482,69500000000;67900000000;62400000000;64100000000;71300000000;68100000000;53200000000;61200000000;69400000000;37000000000;38500000000;38300000000;66300000000;51700000000;66000000000,grid
b1p05_g16,1.05,16,16,250,7151516,879000000000.0,66300000000.0,54937500000.0,0.20656131735448094,231,297,231;245;253;258;262;265;267;269;271;272;273;274;275;277;280;297,1995647;985907;750249;534406;484187;399325;284811;298353;310457;157420;159745;157920;149506;236268;158833;88482,61300000000;58600000000;66100000000;60200000000;65400000000;63000000000;49600000000;56800000000;65500000000;34800000000;37000000000;38500000000;38300000000;66300000000;51700000000;66000000000,grid
b1p05_g17,1.05,17,17,250,7151516,877000000000.0,66100000000.0,51588235294.117645,0.24786008714715754,231,297,231;245;253;258;262;265;267;269;271;272;273;274;275;276;277;280;297,1995647;985907;750249;534406;484187;399325;284811;298353;310457;157420;159745;157920;149506;130801;105467;158833;88482,61300000000;58600000000;66100000000;60200000000;65400000000;63000000000;49600000000;56800000000;65500000000;34800000000;37000000000;38500000000;38300000000;35100000000;29600000000;51700000000;66000000000,grid
b1p05_g18,1.05,18,18,250,7151516,870000000000.0,61300000000.0,48333333333.333336,0.23121266074911573,231,297,231;245;252;257;261;264;266;268;270;271;272;273;274;275;276;277;281;297,1995647;985907;650854;521148;470897;388632;277209;291818;304814;156416;157420;159745;157920;149506;130801;105467;173560;73755,61300000000;58600000000;54700000000;55500000000;60800000000;58100000000;46000000000;53200000000;61200000000;33000000000;34800000000;37000000000;38500000000;38300000000;35100000000;29600000000;59400000000;55000000000,grid
b1p05_g19,1.05,19,19,250,7151516,862000000000.0,56800000000.0,45368421052.63158,0.2104144853130257,230,297,230;244;251;256;260;263;265;267;269;270;271;272;273;274;275;276;278;281;297,1934398;963687;635637;510095;457460;378625;269819;284811;298353;154041;156416;157420;159745;157920;149506;130801;185125;93902;73755,55500000000;55300000000;50800000000;52200000000;56200000000;54300000000;42600000000;49600000000;56800000000;30900000000;33000000000;34800000000;37000000000;38500000000;38300000000;35100000000;54600000000;32100000000;55000000000,grid
b1p05_g20,1.05,20,20,250,7151516,852000000000.0,54600000000.0,42600000000.0,0.18535015648419995,228,297,228;242;250;255;259;262;264;266;268;269;270;271;272;273;274;275;276;278;282;297,1812214;927234;697784;500152;444836;368176;262689;277209;291818;150773;154041;156416;157420;159745;157920;149506;130801;185125;106095;61562,48200000000;47500000000;52900000000;48100000000;51900000000;49800000000;39300000000;46000000000;53200000000;28700000000;30900000000;33000000000;34800000000;37000000000;38500000000;38300000000;35100000000;54600000000;38000000000;45900000000,grid
b1p05_g250,1.05,250,250,250,7151516,772000000000.0,38500000000.0,3088000000.0,2.45491620348077,39,297,39;42;45;47;49;50;52;54;55;56;58;59;60;61;62;63;64;65;66;67;68;69;70;71;72;73;74;75;76;77;78;79;80;81;82;83;84;85;86;87;88;89;90;91;92;93;94;95;96;97;98;99;100;101;102;103;104;105;106;107;108;109;110;111;112;113;114;115;116;117;118;119;120;121;122;123;124;125;126;127;128;129;130;131;132;133;134;135;136;137;138;139;140;141;142;143;144;145;146;147;148;149;150;151;152;153;154;155;156;157;158;159;160;161;162;163;164;165;166;167;168;169;170;171;172;173;174;175;176;177;178;179;180;181;182;183;184;185;186;187;188;189;190;191;192;193;194;195;196;197;198;199;200;201;202;203;204;205;206;207;208;209;210;211;212;213;214;215;216;217;218;219;220;221;222;223;224;225;226;227;228;229;230;231;232;233;234;235;236;237;238;239;240;241;242;243;244;245;246;247;248;249;250;251;252;253;254;255;256;257;258;259;260;261;262;263;264;265;266;267;268;269;270;271;272;273;274;275;276;277;278;279;280;281;282;283;284;285;286;287;288;289;290;291;292;293;294;295;296;297,1220;957;638;475;379;357;373;406;442;346;294;358;312;428;301;322;336;715;333;322;300;538;256;585;553;228;484;480;681;456;632;629;700;356;636;634;564;591;670;706;758;710;673;791;712;840;1030;848;932;1041;1057;2107;1390;1222;1403;1207;1376;1502;1492;1517;2100;1516;1772;2326;1803;2565;2454;3088;3626;2575;3244;2092;2226;2329;2250;2431;2583;2783;2827;2986;3055;3041;3197;3349;3399;3418;3614;3488;3710;3785;3640;3595;3680;3755;3760;3971;4080;4215;4461;4305;4468;4219;4411;4528;4663;4887;4845;4883;5072;5360;5593;5614;5663;5974;6103;6365;6539;6756;7050;7118;7286;7390;7445;7650;7789;7963;8036;8317;8545;8633;8883;8794;9017;9293;9395;9661;10122;10371;10609;10991;11744;11604;12259;13341;13032;13350;13818;17810;16022;15867;16237;16648;17172;17840;18455;19335;20305;20905;21665;22717;23329;24165;24779;28414;38366;48362;53547;55941;56431;55662;55560;55264;54946;54507;55502;55568;56490;56861;57848;59268;59282;60959;61225;61249;62089;63263;64156;64697;65917;67364;68278;69277;70837;72564;75359;77965;80672;83469;86156;89172;91423;93614;95313;96490;98686;99395;101616;103965;106433;109739;112653;116011;119057;123176;125943;129506;133183;136636;140573;144238;147580;150773;154041;156416;157420;159745;157920;149506;130801;105467;79658;52822;26353;14727;12193;10112;8859;8021;7558;6381;5223;3484;2282;1181;735;858;1987;3206;1617;58,12500;12500;12500;12500;12500;12500;12500;12500;12500;12500;12500;12500;12500;12500;12500;12500;12500;12500;12500;12500;12500;12500;12500;12500;12500;12500;12500;12500;12500;12500;12500;12500;12500;12500;12500;12500;12500;12500;12500;12500;12500;12500;12500;1630000;1470000;1730000;2130000;1750000;1930000;2160000;2190000;4340000;2860000;2520000;2900000;2490000;2830000;3090000;3080000;3130000;4320000;3130000;3650000;4780000;3720000;5270000;5040000;6340000;7450000;5290000;6660000;4310000;4580000;4800000;4630000;4990000;5300000;5710000;5810000;6140000;6270000;6250000;6570000;6880000;6980000;7020000;7420000;7160000;7610000;7780000;7470000;7390000;7550000;7710000;7710000;8160000;8370000;8650000;9150000;8840000;9170000;8660000;9060000;9290000;9560000;10000000;9940000;10000000;10400000;11000000;11500000;11500000;11600000;12300000;12500000;13100000;13400000;13900000;14500000;14600000;14900000;15200000;15300000;15700000;16000000;16300000;16500000;17100000;17500000;35400000;36400000;36100000;37000000;38100000;38500000;39600000;41500000;42500000;43500000;45000000;48100000;47600000;50200000;82000000;80100000;82000000;84900000;109000000;98500000;97500000;99800000;136000000;141000000;146000000;151000000;158000000;166000000;214000000;222000000;233000000;239000000;247000000;305000000;349000000;471000000;693000000;768000000;802000000;809000000;912000000;910000000;1020000000;1010000000;1000000000;1140000000;1140000000;1270000000;1280000000;1420000000;1460000000;1580000000;1750000000;1760000000;1880000000;2030000000;2070000000;2230000000;2390000000;2570000000;2760000000;2940000000;3120000000;3340000000;3570000000;3860000000;4310000000;4630000000;4960000000;5470000000;5840000000;6370000000;6710000000;7220000000;7710000000;8290000000;8750000000;9360000000;10000000000;10900000000;11700000000;12700000000;13500000000;14600000000;15900000000;17000000000;18600000000;19900000000;21500000000;23300000000;25100000000;26900000000;28700000000;30900000000;33000000000;34800000000;37000000000;38500000000;38300000000;35100000000;29600000000;23500000000;16300000000;8580000000;5040000000;4370000000;3810000000;3500000000;3340000000;3300000000;2920000000;2510000000;1760000000;1210000000;660000000;430000000;529000000;1280000000;2170000000;1150000000;47700000,natural
b1p075_g01,1.075,1,1,172,7151516,5320000000000.0,5320000000000.0,5320000000000.0,0.0,200,200,200,7151516,5320000000000,grid
b1p075_g02,1.075,2,2,172,7151516,2150000000000.0,1080000000000.0,1075000000000.0,0.004651162790697674,181,200,181;200,5698895;1452621,1070000000000;1080000000000,grid
b1p075_g03,1.075,3,3,172,7151516,1480000000000.0,551000000000.0,493333333333.3333,0.14749088444180491,175,200,175;185;200,4487021;2138351;526144,551000000000;539000000000;391000000000,grid
b1p075_g04,1.075,4,4,172,7151516,1250000000000.0,353000000000.0,312500000000.0,0.1405178992157227,171,200,171;181;186;200,3828370;1870525;1121631;330990,353000000000;352000000000;303000000000;246000000000,grid
b1p075_g05,1.075,5,5,172,7151516,1160000000000.0,246000000000.0,232000000000.0,0.04772624322643589,167,200,167;177;182;186;200,3250441;1609453;1066953;893679;330990,226000000000;227000000000;216000000000;242000000000;246000000000,grid
b1p075_g06,1.075,6,6,172,7151516,1060000000000.0,204000000000.0,176666666666.66666,0.12765514018895102,166,200,166;176;181;184;187;200,3115682;1554098;1029115;696760;564452;191409,198000000000;204000000000;194000000000;163000000000;164000000000;142000000000,grid
b1p075_g07,1.075,7,7,172,7151516,1020000000000.0,164000000000.0,145714285714.2857,0.09531509492342458,163,200,163;173;178;181;184;187;200,2746582;1397600;913285;641428;696760;564452;191409,141000000000;149000000000;138000000000;121000000000;163000000000;164000000000;142000000000,grid
b1p075_g08,1.075,8,8,172,7151516,1000000000000.0,148000000000.0,125000000000.0,0.12586627824798824,162,200,162;172;177;180;183;185;187;200,2635923;1347534;876437;617407;682538;465533;334735;191409,130000000000;132000000000;124000000000;109000000000;148000000000;117000000000;97300000000;142000000000,grid
b1p075_g09,1.075,9,9,172,7151516,952000000000.0,131000000000.0,105777777777.77777,0.15161646229319026,161,200,161;171;176;179;181;183;185;188;200,2529653;1298717;841410;593637;435478;460944;465533;416820;109324,114000000000;120000000000;110000000000;97300000000;82100000000;100000000000;117000000000;131000000000;81300000000,grid
b1p075_g10,1.075,10,10,172,7151516,938000000000.0,115000000000.0,93800000000.0,0.1588357345131323,160,200,160;170;175;178;180;182;184;186;188;200,2427064;1251557;808400;570446;419834;449546;468808;424871;221666;109324,104000000000;108000000000;99300000000;86500000000;73900000000;91100000000;109000000000;115000000000;69500000000;81300000000,grid
b1p075_g11,1.075,11,11,172,7151516,934000000000.0,109000000000.0,84909090909.09091,0.22056571050987128,160,200,160;170;175;178;180;182;184;185;186;188;200,2427064;1251557;808400;570446;419834;449546;468808;229717;195154;221666;109324,104000000000;108000000000;99300000000;86500000000;73900000000;91100000000;109000000000;57900000000;52800000000;69500000000;81300000000,grid
b1p075_g12,1.075,12,12,172,7151516,918000000000.0,100000000000.0,76500000000.0,0.20267340485368707,159,200,159;169;174;177;179;181;183;184;185;186;188;200,2326801;1205728;779617;547748;403523;435478;460944;235816;229717;195154;221666;109324,90500000000;96300000000;89400000000;77400000000;66100000000;82100000000;100000000000;55100000000;57900000000;52800000000;69500000000;81300000000,grid
b1p075_g13,1.075,13,13,172,7151516,908000000000.0,91100000000.0,69846153846.15384,0.1885061096047104,158,200,158;168;173;176;178;180;182;183;184;185;186;188;200,2229182;1160549;754451;525598;387687;419834;449546;232992;235816;229717;195154;221666;109324,82200000000;85600000000;80300000000;68900000000;58800000000;73900000000;91100000000;50600000000;55100000000;57900000000;52800000000;69500000000;81300000000,grid
b1p075_g14,1.075,14,14,172,7151516,895000000000.0,82100000000.0,63928571428.57143,0.17139642953377723,156,200,156;166;171;174;177;179;181;182;183;184;185;186;188;200,2040090;1075592;712688;483776;547748;403523;435478;227952;232992;235816;229717;195154;221666;109324,66800000000;68300000000;65700000000;55500000000;77400000000;66100000000;82100000000;46200000000;50600000000;55100000000;57900000000;52800000000;69500000000;81300000000,grid
b1p075_g15,1.075,15,15,172,7151516,891000000000.0,81300000000.0,59400000000.0,0.1825177753182594,156,200,156;166;171;174;176;178;180;181;182;183;184;185;186;188;200,2040090;1075592;712688;483776;357634;387687;419834;221594;227952;232992;235816;229717;195154;221666;109324,66800000000;68300000000;65700000000;55500000000;46900000000;58800000000;73900000000;41800000000;46200000000;50600000000;55100000000;57900000000;52800000000;69500000000;81300000000,grid
b1p075_g16,1.075,16,16,172,7151516,877000000000.0,73900000000.0,54812500000.0,0.18628446811737975,156,200,156;166;171;174;176;178;180;181;182;183;184;185;186;187;189;200,2040090;1075592;712688;483776;357634;387687;419834;221594;227952;232992;235816;229717;195154;139581;112650;78759,66800000000;68300000000;65700000000;55500000000;46900000000;58800000000;73900000000;41800000000;46200000000;50600000000;55100000000;57900000000;52800000000;40600000000;37800000000;58600000000,grid
b1p075_g17,1.075,17,17,172,7151516,866000000000.0,66100000000.0,50941176470.588234,0.16583722978639212,155,200,155;165;170;173;175;177;179;180;181;182;183;184;185;186;187;189;200,1948751;1037729;692141;465561;342839;372873;403523;213884;221594;227952;232992;235816;229717;195154;139581;112650;78759,55900000000;61600000000;59500000000;49600000000;42100000000;52700000000;66100000000;37700000000;41800000000;46200000000;50600000000;55100000000;57900000000;52800000000;40600000000;37800000000;58600000000,grid
b1p075_g18,1.075,18,18,172,7151516,857000000000.0,58800000000.0,47611111111.111115,0.15961142086958308,154,200,154;163;168;171;174;176;178;179;180;181;182;183;184;185;186;187;189;200,1857967;888615;643149;438639;483776;357634;387687;205950;213884;221594;227952;232992;235816;229717;195154;139581;112650;78759,49500000000;45500000000;47400000000;40400000000;55500000000;46900000000;58800000000;33700000000;37700000000;41800000000;46200000000;50600000000;55100000000;57900000000;52800000000;40600000000;37800000000;58600000000,grid
b1p075_g19,1.075,19,19,172,7151516,850000000000.0,57900000000.0,44736842105.26316,0.1661330604414013,154,200,154;163;168;171;173;175;177;178;179;180;181;182;183;184;185;186;187;190;200,1857967;888615;643149;438639;315812;342839;372873;197573;205950;213884;221594;227952;232992;235816;229717;195154;139581;131144;60265,49500000000;45500000000;47400000000;40400000000;33600000000;42100000000;52700000000;29900000000;33700000000;37700000000;41800000000;46200000000;50600000000;55100000000;57900000000;52800000000;40600000000;47300000000;44800000000,grid
b1p075_g20,1.075,20,20,172,7151516,844000000000.0,57900000000.0,42200000000.0,0.19053075829619073,152,200,152;161;166;169;172;174;176;177;178;179;180;181;182;183;184;185;186;187;190;200,1681302;848351;586029;416847;450928;328689;357634;190114;197573;205950;213884;221594;227952;232992;235816;229717;195154;139581;131144;60265,41300000000;38200000000;37200000000;33300000000;44300000000;37700000000;46900000000;26900000000;29900000000;33700000000;37700000000;41800000000;46200000000;50600000000;55100000000;57900000000;52800000000;40600000000;47300000000;44800000000,grid
b1p075_g172,1.075,172,172,172,7151516,781000000000.0,57900000000.0,4540697674.418605,2.4780700829217417,26,200,26;28;30;31;33;34;35;36;37;38;39;40;41;42;43;44;45;46;47;48;49;50;51;52;53;54;55;56;57;58;59;60;61;62;63;64;65;66;67;68;69;70;71;72;73;74;75;76;77;78;79;80;81;82;83;84;85;86;87;88;89;90;91;92;93;94;95;96;97;98;99;100;101;102;103;104;105;106;107;108;109;110;111;112;113;114;115;116;117;118;119;120;121;122;123;124;125;126;127;128;129;130;131;132;133;134;135;136;137;138;139;140;141;142;143;144;145;146;147;148;149;150;151;152;153;154;155;156;157;158;159;160;161;162;163;164;165;166;167;168;169;170;171;172;173;174;175;176;177;178;179;180;181;182;183;184;185;186;187;188;189;190;191;192;193;194;195;196;197;198;199;200,1220;957;638;475;379;357;373;406;442;346;652;312;428;623;740;311;655;582;809;557;728;488;941;882;835;878;814;822;967;1022;1112;1075;947;1243;1283;1441;1416;2664;1670;1954;1916;2066;2123;2360;2646;2922;2961;3578;3873;5217;4533;3358;3311;3390;3495;4171;4268;4487;4510;4963;5138;5093;5345;5514;5431;5350;5567;5735;6055;6441;6544;6396;6443;6873;7171;7164;7483;8025;8357;8533;9051;9550;9905;10508;10676;11022;11175;11611;11859;12459;12670;13077;13230;13839;14168;14953;15578;16267;17378;18185;19655;19750;22893;24583;23586;24662;25895;27202;29140;30743;32630;34331;35953;40345;60390;77151;82953;83071;82174;81755;81053;82373;83571;85032;87483;89182;90784;91339;93470;95622;97619;100263;102589;106270;110659;116762;123136;129202;134759;139290;142798;146092;149749;155087;160725;167964;174875;182759;190114;197573;205950;213884;221594;227952;232992;235816;229717;195154;139581;82085;30565;18494;14313;12010;10704;8030;4680;2074;1050;2450;4374;580,12500;12500;12500;12500;12500;12500;12500;12500;12500;12500;12500;12500;12500;12500;12500;12500;12500;12500;12500;12500;12500;12500;12500;12500;12500;12500;12500;12500;12500;12500;12500;12500;1960000;2570000;2650000;2980000;2910000;5470000;3440000;4030000;3940000;4260000;4370000;4850000;5440000;6010000;6090000;7350000;7960000;10700000;9300000;6890000;6800000;6960000;7170000;8560000;8760000;9200000;9250000;10200000;10500000;10400000;11000000;11300000;11100000;11000000;11400000;11800000;12400000;13200000;13400000;13100000;13200000;14100000;14700000;14700000;15300000;16500000;17100000;17500000;18600000;19600000;20300000;21500000;21900000;22600000;22900000;23800000;24300000;25500000;51900000;53600000;54200000;56700000;58000000;61300000;63800000;66700000;71200000;74500000;121000000;121000000;141000000;151000000;145000000;202000000;212000000;223000000;239000000;315000000;334000000;352000000;442000000;496000000;742000000;1110000000;1190000000;1360000000;1350000000;1510000000;1660000000;1690000000;1880000000;2090000000;2330000000;2370000000;2600000000;2990000000;3250000000;3530000000;3800000000;4310000000;4620000000;5220000000;5670000000;6460000000;7310000000;8200000000;9380000000;10300000000;11400000000;12600000000;13800000000;15200000000;17100000000;19300000000;21500000000;24000000000;26900000000;29900000000;33700000000;37700000000;41800000000;46200000000;50600000000;55100000000;57900000000;52800000000;40600000000;25700000000;10300000000;6670000000;5540000000;5020000000;4800000000;3870000000;2420000000;1160000000;632000000;1580000000;3020000000;434000000,natural
b1p1_g01,1.1,1,1,132,7151516,5570000000000.0,5570000000000.0,5570000000000.0,0.0,152,152,152,7151516,5570000000000,grid
b1p1_g02,1.1,2,2,132,7151516,2210000000000.0,1150000000000.0,1105000000000.0,0.04072398190045249,137,152,137;152,5669107;1482409,1060000000000;1150000000000,grid
b1p1_g03,1.1,3,3,132,7151516,1500000000000.0,552000000000.0,500000000000.0,0.09226772639083143,132,152,132;140;152,4360069;2226079;565368,509000000000;552000000000;440000000000,grid
b1p1_g04,1.1,4,4,132,7151516,1250000000000.0,362000000000.0,312500000000.0,0.1431351808606116,129,152,129;137;141;152,3726890;1942217;1174522;307887,328000000000;362000000000;320000000000;240000000000,grid
b1p1_g05,1.1,5,5,132,7151516,1150000000000.0,240000000000.0,230000000000.0,0.05300069550494183,126,152,126;134;138;141;152,3165072;1678362;1126372;873823;307887,207000000000;237000000000;231000000000;238000000000;240000000000,grid
b1p1_g06,1.1,6,6,132,7151516,1050000000000.0,219000000000.0,175000000000.0,0.18986568829527029,125,152,125;132;136;139;142;152,2993151;1366918;1019755;898556;726972;146164,178000000000;160000000000;173000000000;202000000000;219000000000;114000000000,grid
b1p1_g07,1.1,7,7,132,7151516,1010000000000.0,177000000000.0,144285714285.7143,0.1360188492101621,123,152,123;131;135;138;140;142;152,2681272;1456523;966855;865156;616342;419204;146164,132000000000;155000000000;150000000000;177000000000;153000000000;126000000000;114000000000,grid
b1p1_g08,1.1,8,8,132,7151516,986000000000.0,153000000000.0,123250000000.0,0.1324107106987211,123,152,123;130;134;136;138;140;142;152,2681272;1246213;915949;536390;589982;616342;419204;146164,132000000000;120000000000;129000000000;91200000000;121000000000;153000000000;126000000000;114000000000,grid
b1p1_g09,1.1,9,9,132,7151516,979000000000.0,132000000000.0,108777777777.77777,0.20450810634582703,123,152,123;130;134;136;138;139;140;142;152,2681272;1246213;915949;536390;589982;308574;307768;419204;146164,132000000000;120000000000;129000000000;91200000000;121000000000;69500000000;76300000000;126000000000;114000000000,grid
b1p1_g10,1.1,10,10,132,7151516,961000000000.0,126000000000.0,96100000000.0,0.21972194410379284,122,152,122;129;133;135;137;138;139;140;142;152,2540005;1186885;868400;509360;564457;300699;308574;307768;419204;146164,114000000000;105000000000;110000000000;79300000000;105000000000;61600000000;69500000000;76300000000;126000000000;114000000000,grid
b1p1_g11,1.1,11,11,132,7151516,954000000000.0,114000000000.0,86727272727.27272,0.25809927094535184,122,152,122;129;133;135;137;138;139;140;141;142;152,2540005;1186885;868400;509360;564457;300699;308574;307768;257481;161723;146164,114000000000;105000000000;110000000000;79300000000;105000000000;61600000000;69500000000;76300000000;70100000000;48700000000;114000000000,grid
b1p1_g12,1.1,12,12,132,7151516,915000000000.0,98500000000.0,76250000000.0,0.18198227673582773,121,152,121;128;132;134;136;137;138;139;140;141;143;152,2405053;1128439;826577;483365;536390;289283;300699;308574;307768;257481;224279;83608,98500000000;90100000000;96500000000;68300000000;91200000000;53900000000;61600000000;69500000000;76300000000;70100000000;74000000000;65100000000,grid
b1p1_g13,1.1,13,13,132,7151516,900000000000.0,84300000000.0,69230769230.76923,0.16069340487515466,120,152,120;127;131;133;135;136;137;138;139;140;141;143;152,2274067;1072026;791702;457495;509360;275174;289283;300699;308574;307768;257481;224279;83608,83800000000;76800000000;84300000000;58100000000;79300000000;46800000000;53900000000;61600000000;69500000000;76300000000;70100000000;74000000000;65100000000,grid
b1p1_g14,1.1,14,14,132,7151516,884000000000.0,76300000000.0,63142857142.85714,0.1594006608144591,118,152,118;125;129;132;134;135;136;137;138;139;140;141;143;152,2024148;969003;733739;633179;483365;261216;275174;289283;300699;308574;307768;257481;224279;83608,62200000000;57600000000;64600000000;73900000000;68300000000;40700000000;46800000000;53900000000;61600000000;69500000000;76300000000;70100000000;74000000000;65100000000,grid
b1p1_g15,1.1,15,15,132,7151516,877000000000.0,76300000000.0,58466666666.666664,0.19732715600813722,117,152,117;124;128;131;133;134;135;136;137;138;139;140;141;143;152,1904290;927791;701411;604303;457495;248144;261216;275174;289283;300699;308574;307768;257481;224279;83608,54600000000;51300000000;56000000000;64400000000;58100000000;35100000000;40700000000;46800000000;53900000000;61600000000;69500000000;76300000000;70100000000;74000000000;65100000000,grid
b1p1_g16,1.1,16,16,132,7151516,868000000000.0,76300000000.0,54250000000.0,0.24992598025029109,116,152,116;123;127;130;132;133;134;135;136;137;138;139;140;141;143;152,1785755;895517;664821;581392;432584;235221;248144;261216;275174;289283;300699;308574;307768;257481;224279;83608,47500000000;44000000000;47700000000;56000000000;50500000000;29900000000;35100000000;40700000000;46800000000;53900000000;61600000000;69500000000;76300000000;70100000000;74000000000;65100000000,grid
b1p1_g17,1.1,17,17,132,7151516,865000000000.0,76300000000.0,50882352941.17647,0.3043753905330122,116,152,116;123;127;129;131;132;133;134;135;136;137;138;139;140;141;143;152,1785755;895517;664821;380797;410905;222274;235221;248144;261216;275174;289283;300699;308574;307768;257481;224279;83608,47500000000;44000000000;47700000000;33500000000;43800000000;25900000000;29900000000;35100000000;40700000000;46800000000;53900000000;61600000000;69500000000;76300000000;70100000000;74000000000;65100000000,grid
b1p1_g18,1.1,18,18,132,7151516,860000000000.0,76300000000.0,47777777777.77778,0.35756534309249616,115,152,115;122;126;128;130;131;132;133;134;135;136;137;138;139;140;141;143;152,1670535;869470;625067;368420;393993;210310;222274;235221;248144;261216;275174;289283;300699;308574;307768;257481;224279;83608,41100000000;39200000000;41000000000;29400000000;37900000000;22400000000;25900000000;29900000000;35100000000;40700000000;46800000000;53900000000;61600000000;69500000000;76300000000;70100000000;74000000000;65100000000,grid
b1p1_g19,1.1,19,19,132,7151516,854000000000.0,76300000000.0,44947368421.052635,0.4121364180923738,114,152,114;121;125;127;129;130;131;132;133;134;135;136;137;138;139;140;141;143;152,1559065;845988;588098;352942;380797;200595;210310;222274;235221;248144;261216;275174;289283;300699;308574;307768;257481;224279;83608,35100000000;34700000000;34900000000;25300000000;33500000000;19300000000;22400000000;25900000000;29900000000;35100000000;40700000000;46800000000;53900000000;61600000000;69500000000;76300000000;70100000000;74000000000;65100000000,grid
b1p1_g20,1.1,20,20,132,7151516,850000000000.0,76300000000.0,42500000000.0,0.46404867898808655,113,152,113;120;124;126;128;129;130;131;132;133;134;135;136;137;138;139;140;141;143;152,1449867;824200;558014;332991;368420;193398;200595;210310;222274;235221;248144;261216;275174;289283;300699;308574;307768;257481;224279;83608,29700000000;30400000000;30900000000;21800000000;29400000000;17000000000;19300000000;22400000000;25900000000;29900000000;35100000000;40700000000;46800000000;53900000000;61600000000;69500000000;76300000000;70100000000;74000000000;65100000000,grid
b1p1_g132,1.1,132,132,132,7151516,789000000000.0,76300000000.0,5977272727.272727,2.491827496420905,20,152,20;21;23;24;25;26;27;28;29;30;31;32;33;34;35;36;37;38;39;40;41;42;43;44;45;46;47;48;49;50;51;52;53;54;55;56;57;58;59;60;61;62;63;64;65;66;67;68;69;70;71;72;73;74;75;76;77;78;79;80;81;82;83;84;85;86;87;88;89;90;91;92;93;94;95;96;97;98;99;100;101;102;103;104;105;106;107;108;109;110;111;112;113;114;115;116;117;118;119;120;121;122;123;124;125;126;127;128;129;130;131;132;133;134;135;136;137;138;139;140;141;142;143;144;145;146;147;148;149;150;151;152,1220;957;638;475;379;730;406;442;640;670;729;658;715;955;538;1110;728;1055;1062;1029;1056;1270;1155;1194;1650;1312;1536;1689;1996;3141;2605;2426;2560;3075;3342;3717;3991;5104;6462;5505;4357;4533;4769;5610;5805;6134;6551;6715;7128;7243;7100;7347;7662;8223;8694;8447;8770;9474;9499;10378;10885;11433;12269;12968;13867;14316;14712;15430;15946;16581;17285;17685;18495;19819;20677;22688;23992;25825;27154;33504;31286;33327;35842;38784;41809;45001;47765;64368;98591;109454;108928;107828;106992;109198;111470;115220;118535;119858;123229;126690;130986;134952;141267;150809;161070;171921;181021;187399;193398;200595;210310;222274;235221;248144;261216;275174;289283;300699;308574;307768;257481;161723;62556;24751;17998;15007;10939;5379;1823;2758;4871;82,12500;12500;12500;12500;12500;12500;12500;12500;12500;12500;12500;12500;12500;12500;12500;12500;12500;12500;12500;12500;12500;12500;12500;12500;12500;2700000;3160000;3490000;4110000;6450000;5350000;4990000;5260000;6320000;6860000;7630000;8190000;10500000;13300000;11300000;8940000;9300000;9790000;11500000;11900000;12600000;13400000;13800000;14600000;14900000;14600000;15100000;15700000;16900000;17800000;17300000;18000000;19400000;19500000;21300000;22300000;23400000;25100000;26600000;28400000;29300000;30100000;31600000;32700000;67900000;70800000;72500000;75800000;81200000;84700000;92900000;98300000;159000000;167000000;206000000;192000000;273000000;294000000;318000000;428000000;461000000;587000000;791000000;1410000000;1570000000;1780000000;1990000000;2190000000;2460000000;2740000000;3070000000;3400000000;3680000000;4290000000;4670000000;5370000000;6080000000;6940000000;8340000000;9570000000;11300000000;13000000000;15000000000;17000000000;19300000000;22400000000;25900000000;29900000000;35100000000;40700000000;46800000000;53900000000;61600000000;69500000000;76300000000;70100000000;48700000000;20600000000;8970000000;7190000000;6610000000;5290000000;2860000000;1060000000;1770000000;3440000000;68500000,natural
b1p125_g01,1.125,1,1,108,7151516,5680000000000.0,5680000000000.0,5680000000000.0,0.0,123,123,123,7151516,5680000000000,grid
b1p125_g02,1.125,2,2,108,7151516,2210000000000.0,1130000000000.0,1105000000000.0,0.02262443438914027,111,123,111;123,5790461;1361055,1130000000000;1080000000000,grid
b1p125_g03,1.125,3,3,108,7151516,1530000000000.0,540000000000.0,510000000000.0,0.0497075904361609,107,123,107;113;123,4467588;2082638;601290,540000000000;512000000000;478000000000,grid
b1p125_g04,1.125,4,4,108,7151516,1260000000000.0,378000000000.0,315000000000.0,0.19102434353671566,105,123,105;111;114;123,3926163;1864298;1076695;284360,378000000000;363000000000;298000000000;226000000000,grid
b1p125_g05,1.125,5,5,108,7151516,1170000000000.0,261000000000.0,234000000000.0,0.10192106109923996,103,123,103;109;112;114;123,3443227;1644377;1080265;699287;284360,261000000000;253000000000;237000000000;193000000000;226000000000,grid
b1p125_g06,1.125,6,6,108,7151516,1060000000000.0,217000000000.0,176666666666.66666,0.24910044639837645,102,123,102;108;111;113;115;123,3216057;1551323;1023081;759765;487704;113586,217000000000;213000000000;199000000000;187000000000;152000000000;90300000000,grid
b1p125_g07,1.125,7,7,108,7151516,1020000000000.0,184000000000.0,145714285714.2857,0.2442428807050198,101,123,101;107;110;112;113;115;123,3001534;1466054;961498;738783;382357;487704;113586,184000000000;177000000000;165000000000;162000000000;94000000000;152000000000;90300000000,grid
b1p125_g08,1.125,8,8,108,7151516,993000000000.0,152000000000.0,124125000000.0,0.22412231042611272,100,123,100;106;109;111;112;113;115;123,2803120;1384541;899943;702857;377408;382357;487704;113586,149000000000;150000000000;138000000000;137000000000;82700000000;94000000000;152000000000;90300000000,grid
b1p125_g09,1.125,9,9,108,7151516,982000000000.0,150000000000.0,109111111111.11111,0.30156190156077917,100,123,100;106;109;111;112;113;114;115;123,2803120;1384541;899943;702857;377408;382357;316930;170774;113586,149000000000;150000000000;138000000000;137000000000;82700000000;94000000000;87600000000;53200000000;90300000000,grid
b1p125_g10,1.125,10,10,108,7151516,956000000000.0,126000000000.0,95600000000.0,0.23596504091486567,99,123,99;105;108;110;111;112;113;114;115;123,2621023;1305140;841217;661706;361375;377408;382357;316930;170774;113586,123000000000;126000000000;115000000000;114000000000;70300000000;82700000000;94000000000;87600000000;53200000000;90300000000,grid
b1p125_g11,1.125,11,11,108,7151516,938000000000.0,106000000000.0,85272727272.72728,0.19649619264638155,98,123,98;104;107;109;110;111;112;113;114;115;123,2450959;1228392;788237;620016;341482;361375;377408;382357;316930;170774;113586,105000000000;106000000000;95200000000;95200000000;58700000000;70300000000;82700000000;94000000000;87600000000;53200000000;90300000000,grid
b1p125_g12,1.125,12,12,108,7151516,923000000000.0,94000000000.0,76916666666.66667,0.19154083900089888,97,123,97;103;106;108;109;110;111;112;113;114;115;123,2287923;1155304;744434;579719;320224;341482;361375;377408;382357;316930;170774;113586,89000000000;87500000000;80800000000;79500000000;49200000000;58700000000;70300000000;82700000000;94000000000;87600000000;53200000000;90300000000,grid
b1p125_g13,1.125,13,13,108,7151516,908000000000.0,94000000000.0,69846153846.15384,0.22424265167520777,96,123,96;102;105;107;108;109;110;111;112;113;114;115;123,2131343;1084714;710106;541425;299792;320224;341482;361375;377408;382357;316930;170774;113586,74200000000;73300000000;68400000000;65400000000;41100000000;49200000000;58700000000;70300000000;82700000000;94000000000;87600000000;53200000000;90300000000,grid
b1p125_g14,1.125,14,14,108,7151516,898000000000.0,94000000000.0,64142857142.85714,0.2782581839344592,95,123,95;101;104;106;107;108;109;110;111;112;113;114;115;123,1980584;1020950;677817;508310;279927;299792;320224;341482;361375;377408;382357;316930;170774;113586,60800000000;62700000000;58300000000;55200000000;33800000000;41100000000;49200000000;58700000000;70300000000;82700000000;94000000000;87600000000;53200000000;90300000000,grid
b1p125_g15,1.125,15,15,108,7151516,885000000000.0,94000000000.0,59000000000.0,0.3434017097682552,94,123,94;100;103;105;106;107;108;109;110;111;112;113;114;115;123,1832584;970536;640107;482936;261498;279927;299792;320224;341482;361375;377408;382357;316930;170774;113586,48800000000;51700000000;48500000000;46500000000;28400000000;33800000000;41100000000;49200000000;58700000000;70300000000;82700000000;94000000000;87600000000;53200000000;90300000000,grid
b1p125_g16,1.125,16,16,108,7151516,879000000000.0,94000000000.0,54937500000.0,0.40594661315576996,93,123,93;99;102;104;105;106;107;108;109;110;111;112;113;114;115;123,1689161;931862;595034;463294;246812;261498;279927;299792;320224;341482;361375;377408;382357;316930;170774;113586,41500000000;43900000000;40200000000;39900000000;23800000000;28400000000;33800000000;41100000000;49200000000;58700000000;70300000000;82700000000;94000000000;87600000000;53200000000;90300000000,grid
b1p125_g17,1.125,17,17,108,7151516,874000000000.0,94000000000.0,51411764705.882355,0.46639474857345053,92,123,92;98;101;103;104;105;106;107;108;109;110;111;112;113;114;115;123,1551152;899807;550575;441693;236124;246812;261498;279927;299792;320224;341482;361375;377408;382357;316930;170774;113586,34900000000;38700000000;33800000000;33500000000;20300000000;23800000000;28400000000;33800000000;41100000000;49200000000;58700000000;70300000000;82700000000;94000000000;87600000000;53200000000;90300000000,grid
b1p125_g18,1.125,18,18,108,7151516,864000000000.0,94000000000.0,48000000000.0,0.5323445514425946,91,123,91;96;99;101;103;104;105;106;107;108;109;110;111;112;113;114;115;123,1416684;714659;489680;380511;441693;236124;246812;261498;279927;299792;320224;341482;361375;377408;382357;316930;170774;113586,26100000000;24900000000;23100000000;23400000000;33500000000;20300000000;23800000000;28400000000;33800000000;41100000000;49200000000;58700000000;70300000000;82700000000;94000000000;87600000000;53200000000;90300000000,grid
b1p125_g19,1.125,19,19,108,7151516,863000000000.0,94000000000.0,45421052631.57895,0.5865314359804108,91,123,91;96;99;101;102;103;104;105;106;107;108;109;110;111;112;113;114;115;123,1416684;714659;489680;380511;214523;227170;236124;246812;261498;279927;299792;320224;341482;361375;377408;382357;316930;170774;113586,26100000000;24900000000;23100000000;23400000000;14500000000;17200000000;20300000000;23800000000;28400000000;33800000000;41100000000;49200000000;58700000000;70300000000;82700000000;94000000000;87600000000;53200000000;90300000000,grid
b1p125_g20,1.125,20,20,108,7151516,859000000000.0,94000000000.0,42950000000.0,0.6419837618303126,90,123,90;95;98;100;101;102;103;104;105;106;107;108;109;110;111;112;113;114;115;123,1284415;696169;470375;352161;198414;214523;227170;236124;246812;261498;279927;299792;320224;341482;361375;377408;382357;316930;170774;113586,21000000000;21400000000;20200000000;18800000000;12200000000;14500000000;17200000000;20300000000;23800000000;28400000000;33800000000;41100000000;49200000000;58700000000;70300000000;82700000000;94000000000;87600000000;53200000000;90300000000,grid
b1p125_g108,1.125,108,108,108,7151516,799000000000.0,94000000000.0,7398148148.148149,2.5075177057417837,16,123,16;17;18;19;20;21;22;23;24;25;26;27;28;29;30;31;32;33;34;35;36;37;38;39;40;41;42;43;44;45;46;47;48;49;50;51;52;53;54;55;56;57;58;59;60;61;62;63;64;65;66;67;68;69;70;71;72;73;74;75;76;77;78;79;80;81;82;83;84;85;86;87;88;89;90;91;92;93;94;95;96;97;98;99;100;101;102;103;104;105;106;107;108;109;110;111;112;113;114;115;116;117;118;119;120;121;122;123,1220;957;638;475;379;730;848;346;964;729;1062;966;838;1110;996;1385;1087;1462;1458;1637;1838;1481;1871;2445;2463;3910;3246;3382;3704;4578;5146;6422;7305;6316;5521;6215;6948;7321;8056;8475;8847;8758;9001;9525;10459;10548;10664;11579;11952;13232;13800;15044;16323;17310;17930;18961;19789;20842;21547;22718;24395;26282;28418;31824;34251;40196;39808;43159;47728;52387;57032;67827;116973;135279;134097;132269;134468;138009;143423;148000;150759;156580;163036;170064;182097;198414;214523;227170;236124;246812;261498;279927;299792;320224;341482;361375;377408;382357;316930;170774;45514;24302;18697;12245;4465;2341;5943;79,12500;12500;12500;12500;12500;12500;12500;12500;12500;12500;12500;12500;12500;12500;12500;12500;12500;12500;12500;12500;12500;3060000;3850000;5030000;5060000;8020000;6660000;6940000;7600000;9400000;10600000;13200000;15000000;13000000;11300000;12700000;14300000;15000000;16500000;17400000;18100000;18000000;18500000;19500000;21400000;21600000;21900000;23700000;24500000;27100000;28300000;30800000;33500000;35500000;36700000;38900000;40500000;85400000;88300000;93100000;100000000;108000000;116000000;196000000;210000000;247000000;326000000;354000000;391000000;537000000;584000000;834000000;1680000000;2220000000;2200000000;2440000000;3030000000;3390000000;3820000000;4550000000;5250000000;6090000000;7010000000;8010000000;9700000000;12200000000;14500000000;17200000000;20300000000;23800000000;28400000000;33800000000;41100000000;49200000000;58700000000;70300000000;82700000000;94000000000;87600000000;53200000000;15900000000;9560000000;8270000000;6100000000;2500000000;1470000000;4200000000;63600000,natural
b1p15_g01,1.15,1,1,91,7151516,5300000000000.0,5300000000000.0,5300000000000.0,0.0,103,103,103,7151516,5300000000000,grid
b1p15_g02,1.15,2,2,91,7151516,2170000000000.0,1130000000000.0,1085000000000.0,0.041474654377880185,93,103,93;103,5622340;1529176,1040000000000;1130000000000,grid
b1p15_g03,1.15,3,3,91,7151516,1510000000000.0,539000000000.0,503333333333.3333,0.0560610792981942,90,103,90;95;103,4462073;2055882;633561,539000000000;501000000000;470000000000,grid
b1p15_g04,1.15,4,4,91,7151516,1230000000000.0,353000000000.0,307500000000.0,0.21695590754945906,88,103,88;93;96;103,3827678;1794662;1268887;260289,353000000000;331000000000;353000000000;193000000000,grid
b1p15_g05,1.15,5,5,91,7151516,1130000000000.0,262000000000.0,226000000000.0,0.09903995259114773,86,103,86;91;94;96;103,3268203;1551808;1243929;827287;260289,228000000000;216000000000;262000000000;230000000000;193000000000,grid
b1p15_g06,1.15,6,6,91,7151516,1090000000000.0,218000000000.0,181666666666.66666,0.20817805564779202,85,103,85;90;93;95;96;103,3011315;1450758;1160267;895615;373272;260289,185000000000;175000000000;214000000000;218000000000;104000000000;193000000000,grid
b1p15_g07,1.15,7,7,91,7151516,999000000000.0,181000000000.0,142714285714.2857,0.2606129126912798,84,103,84;89;92;94;95;97;103,2776997;1355231;1073927;857785;454015;539623;93938,148000000000;144000000000;172000000000;181000000000;111000000000;174000000000;69600000000,grid
b1p15_g08,1.15,8,8,91,7151516,970000000000.0,174000000000.0,121250000000.0,0.25025696221228516,83,103,83;88;91;93;94;95;97;103,2564409;1263269;992333;802329;441600;454015;539623;93938,121000000000;116000000000;138000000000;148000000000;93200000000;111000000000;174000000000;69600000000,grid
b1p15_g09,1.15,9,9,91,7151516,954000000000.0,148000000000.0,106000000000.0,0.2702765703292995,83,103,83;88;91;93;94;95;96;97;103,2564409;1263269;992333;802329;441600;454015;373272;166351;93938,121000000000;116000000000;138000000000;148000000000;93200000000;111000000000;104000000000;53500000000;69600000000,grid
b1p15_g10,1.15,10,10,91,7151516,928000000000.0,119000000000.0,92800000000.0,0.21100530271765747,82,103,82;87;90;92;93;94;95;96;97;103,2366926;1174815;920332;744082;416185;441600;454015;373272;166351;93938,96900000000;93800000000;111000000000;119000000000;76700000000;93200000000;111000000000;104000000000;53500000000;69600000000,grid
b1p15_g11,1.15,11,11,91,7151516,909000000000.0,111000000000.0,82636363636.36363,0.20697896712024413,81,103,81;86;89;91;92;93;94;95;96;97;103,2178188;1090015;864025;687783;386144;416185;441600;454015;373272;166351;93938,75800000000;75900000000;92000000000;95800000000;61700000000;76700000000;93200000000;111000000000;104000000000;53500000000;69600000000,grid
b1p15_g12,1.15,12,12,91,7151516,895000000000.0,111000000000.0,74583333333.33333,0.24848669662740294,80,103,80;85;88;90;91;92;93;94;95;96;97;103,1997353;1013962;816363;634395;357938;386144;416185;441600;454015;373272;166351;93938,61400000000;62300000000;75200000000;76700000000;49800000000;61700000000;76700000000;93200000000;111000000000;104000000000;53500000000;69600000000,grid
b1p15_g13,1.15,13,13,91,7151516,882000000000.0,111000000000.0,67846153846.15385,0.3160868206418498,79,103,79;84;87;89;90;91;92;93;94;95;96;97;103,1822319;954678;764744;590487;329845;357938;386144;416185;441600;454015;373272;166351;93938,48500000000;50800000000;61100000000;62900000000;39900000000;49800000000;61700000000;76700000000;93200000000;111000000000;104000000000;53500000000;69600000000,grid
b1p15_g14,1.15,14,14,91,7151516,872000000000.0,111000000000.0,62285714285.71429,0.3898251058125824,78,103,78;83;86;88;89;90;91;92;93;94;95;96;97;103,1652939;911470;703794;559475;304550;329845;357938;386144;416185;441600;454015;373272;166351;93938,37200000000;42900000000;49000000000;51600000000;32400000000;39900000000;49800000000;61700000000;76700000000;93200000000;111000000000;104000000000;53500000000;69600000000,grid
b1p15_g15,1.15,15,15,91,7151516,866000000000.0,111000000000.0,57733333333.333336,0.45950957996307235,77,103,77;82;85;87;88;89;90;91;92;93;94;95;96;97;103,1491122;875804;644389;530426;285937;304550;329845;357938;386144;416185;441600;454015;373272;166351;93938,30500000000;35900000000;39600000000;42400000000;26400000000;32400000000;39900000000;49800000000;61700000000;76700000000;93200000000;111000000000;104000000000;53500000000;69600000000,grid
b1p15_g16,1.15,16,16,91,7151516,860000000000.0,111000000000.0,53750000000.0,0.5289756624716211,76,103,76;81;84;86;87;88;89;90;91;92;93;94;95;96;97;103,1333514;844674;598809;491206;273538;285937;304550;329845;357938;386144;416185;441600;454015;373272;166351;93938,24600000000;29400000000;31900000000;34200000000;21800000000;26400000000;32400000000;39900000000;49800000000;61700000000;76700000000;93200000000;111000000000;104000000000;53500000000;69600000000,grid
b1p15_g17,1.15,17,17,91,7151516,857000000000.0,111000000000.0,50411764705.882355,0.5914189057796381,76,103,76;80;83;85;86;87;88;89;90;91;92;93;94;95;96;97;103,1333514;663839;567056;446906;256888;273538;285937;304550;329845;357938;386144;416185;441600;454015;373272;166351;93938,24600000000;20400000000;26700000000;27500000000;17900000000;21800000000;26400000000;32400000000;39900000000;49800000000;61700000000;76700000000;93200000000;111000000000;104000000000;53500000000;69600000000,grid
b1p15_g18,1.15,18,18,91,7151516,853000000000.0,111000000000.0,47388888888.888885,0.6536099013712396,75,103,75;79;82;84;85;86;87;88;89;90;91;92;93;94;95;96;97;103,1174965;647354;544607;410071;234318;256888;273538;285937;304550;329845;357938;386144;416185;441600;454015;373272;166351;93938,19300000000;17200000000;22300000000;21800000000;14400000000;17900000000;21800000000;26400000000;32400000000;39900000000;49800000000;61700000000;76700000000;93200000000;111000000000;104000000000;53500000000;69600000000,grid
b1p15_g19,1.15,19,19,91,7151516,849000000000.0,111000000000.0,44684210526.31579,0.7135507137125217,74,103,74;78;81;83;84;85;86;87;88;89;90;91;92;93;94;95;96;97;103,1014390;638549;525249;386221;212588;234318;256888;273538;285937;304550;329845;357938;386144;416185;441600;454015;373272;166351;93938,14500000000;14400000000;18300000000;18200000000;11300000000;14400000000;17900000000;21800000000;26400000000;32400000000;39900000000;49800000000;61700000000;76700000000;93200000000;111000000000;104000000000;53500000000;69600000000,grid
b1p15_g20,1.15,20,20,91,7151516,847000000000.0,111000000000.0,42350000000.0,0.7669705373335113,74,103,74;78;80;82;83;84;85;86;87;88;89;90;91;92;93;94;95;96;97;103,1014390;638549;344414;369573;197483;212588;234318;256888;273538;285937;304550;329845;357938;386144;416185;441600;454015;373272;166351;93938,14500000000;14400000000;10600000000;15100000000;9300000000;11300000000;14400000000;17900000000;21800000000;26400000000;32400000000;39900000000;49800000000;61700000000;76700000000;93200000000;111000000000;104000000000;53500000000;69600000000,grid
b1p15_g91,1.15,91,91,91,7151516,808000000000.0,111000000000.0,8879120879.120878,2.4997179634652444,13,103,13;14;15;16;17;18;19;20;21;22;23;24;25;26;27;28;29;30;31;32;33;34;35;36;37;38;39;40;41;42;43;44;45;46;47;48;49;50;51;52;53;54;55;56;57;58;59;60;61;62;63;64;65;66;67;68;69;70;71;72;73;74;75;76;77;78;79;80;81;82;83;84;85;86;87;88;89;90;91;92;93;94;95;96;97;98;99;100;101;102;103,1220;957;638;475;736;779;788;652;1041;1062;1266;1091;1285;1653;1708;1477;1789;2134;1855;2200;2830;4229;3813;3914;4467;5599;6259;9153;7413;6534;7474;8392;9110;9858;10527;10458;10713;11751;12696;12533;13693;14384;15917;17266;18843;20531;21373;22689;24103;25344;26706;29126;31938;35511;38131;47317;47194;51992;58433;65167;73916;132287;160575;158549;157608;161817;169380;175034;180835;188738;197483;212588;234318;256888;273538;285937;304550;329845;357938;386144;416185;441600;454015;373272;166351;38540;24273;17012;5827;3527;4759,12500;12500;12500;12500;12500;12500;12500;12500;12500;12500;12500;12500;12500;12500;12500;12500;12500;12500;3810000;4520000;5810000;8680000;7830000;8040000;9170000;11500000;12800000;18800000;15200000;13400000;15300000;17200000;18700000;20200000;21600000;21400000;22000000;24100000;26000000;25700000;28100000;29500000;32600000;35400000;38600000;42100000;43800000;46500000;98700000;104000000;109000000;119000000;131000000;218000000;234000000;291000000;387000000;426000000;598000000;667000000;908000000;1900000000;2630000000;2920000000;3230000000;3650000000;4510000000;5380000000;6300000000;7730000000;9300000000;11300000000;14400000000;17900000000;21800000000;26400000000;32400000000;39900000000;49800000000;61700000000;76700000000;93200000000;111000000000;104000000000;53500000000;14200000000;10300000000;8290000000;3270000000;2280000000;3530000000,natural
b1p2_g01,1.2,1,1,70,7151516,5580000000000.0,5580000000000.0,5580000000000.0,0.0,79,79,79,7151516,5580000000000,grid
b1p2_g02,1.2,2,2,70,7151516,2240000000000.0,1220000000000.0,1120000000000.0,0.08928571428571429,71,79,71;79,5590072;1561444,1020000000000;1220000000000,grid
b1p2_g03,1.2,3,3,70,7151516,1470000000000.0,581000000000.0,490000000000.0,0.24315993243524536,69,79,69;73;79,4572468;2166919;412129,581000000000;568000000000;322000000000,grid
b1p2_g04,1.2,4,4,70,7151516,1290000000000.0,337000000000.0,322500000000.0,0.04186046511627907,67,79,67;71;73;79,3742307;1847765;1149315;412129,330000000000;337000000000;301000000000;322000000000,grid
b1p2_g05,1.2,5,5,70,7151516,1100000000000.0,275000000000.0,220000000000.0,0.31838798515476224,66,79,66;70;72;74;79,3376989;1678906;1111943;878079;105599,249000000000;254000000000;244000000000;275000000000;82400000000,grid
b1p2_g06,1.2,6,6,70,7151516,1080000000000.0,254000000000.0,180000000000.0,0.4044376398491478,66,79,66;70;72;73;74;79,3376989;1678906;1111943;571549;306530;105599,249000000000;254000000000;244000000000;150000000000;96100000000;82400000000,grid
b1p2_g07,1.2,7,7,70,7151516,1020000000000.0,195000000000.0,145714285714.2857,0.29018745018969566,65,79,65;69;71;72;73;74;79,3035650;1536818;1017604;577766;571549;306530;105599,187000000000;195000000000;185000000000;127000000000;150000000000;96100000000;82400000000,grid
b1p2_g08,1.2,8,8,70,7151516,981000000000.0,150000000000.0,122625000000.0,0.20480683448337353,64,79,64;68;70;71;72;73;74;79,2731444;1404616;919835;534177;577766;571549;306530;105599,140000000000;150000000000;139000000000;97400000000;127000000000;150000000000;96100000000;82400000000,grid
b1p2_g09,1.2,9,9,70,7151516,950000000000.0,150000000000.0,105555555555.55556,0.205229632889762,63,79,63;67;69;70;71;72;73;74;79,2462392;1279915;830161;483427;534177;577766;571549;306530;105599,106000000000;113000000000;105000000000;73300000000;97400000000;127000000000;150000000000;96100000000;82400000000,grid
b1p2_g10,1.2,10,10,70,7151516,929000000000.0,150000000000.0,92900000000.0,0.27815716976506183,62,79,62;66;68;69;70;71;72;73;74;79,2212291;1164698;759071;436408;483427;534177;577766;571549;306530;105599,81600000000;85900000000;80800000000;55400000000;73300000000;97400000000;127000000000;150000000000;96100000000;82400000000,grid
b1p2_g11,1.2,11,11,70,7151516,911000000000.0,150000000000.0,82818181818.18182,0.3748190385149558,61,79,61;65;67;68;69;70;71;72;73;74;79,1976432;1059218;706657;393753;436408;483427;534177;577766;571549;306530;105599,60700000000;65100000000;62200000000;41900000000;55400000000;73300000000;97400000000;127000000000;150000000000;96100000000;82400000000,grid
b1p2_g12,1.2,12,12,70,7151516,896000000000.0,150000000000.0,74666666666.66667,0.473968822303014,60,79,60;64;66;67;68;69;70;71;72;73;74;79,1749834;981610;645545;365318;393753;436408;483427;534177;577766;571549;306530;105599,43000000000;50300000000;47600000000;32200000000;41900000000;55400000000;73300000000;97400000000;127000000000;150000000000;96100000000;82400000000,grid
b1p2_g13,1.2,13,13,70,7151516,887000000000.0,150000000000.0,68230769230.76923,0.564008978403559,59,79,59;63;65;66;67;68;69;70;71;72;73;74;79,1534171;928221;573258;341339;365318;393753;436408;483427;534177;577766;571549;306530;105599,31400000000;39900000000;35200000000;25200000000;32200000000;41900000000;55400000000;73300000000;97400000000;127000000000;150000000000;96100000000;82400000000,grid
b1p2_g14,1.2,14,14,70,7151516,882000000000.0,150000000000.0,63000000000.0,0.643883450518185,59,79,59;62;64;65;66;67;68;69;70;71;72;73;74;79,1534171;678120;519153;304206;341339;365318;393753;436408;483427;534177;577766;571549;306530;105599,31400000000;25000000000;26600000000;18700000000;25200000000;32200000000;41900000000;55400000000;73300000000;97400000000;127000000000;150000000000;96100000000;82400000000,grid
b1p2_g15,1.2,15,15,70,7151516,878000000000.0,150000000000.0,58533333333.333336,0.7182074216904836,58,79,58;61;63;64;65;66;67;68;69;70;71;72;73;74;79,1328291;648141;485960;269052;304206;341339;365318;393753;436408;483427;534177;577766;571549;306530;105599,24500000000;19900000000;20900000000;13800000000;18700000000;25200000000;32200000000;41900000000;55400000000;73300000000;97400000000;127000000000;150000000000;96100000000;82400000000,grid
b1p2_g16,1.2,16,16,70,7151516,872000000000.0,150000000000.0,54500000000.0,0.7924542608732253,57,79,57;60;62;63;64;65;66;67;68;69;70;71;72;73;74;79,1120545;629289;462457;250101;269052;304206;341339;365318;393753;436408;483427;534177;577766;571549;306530;105599,16100000000;15500000000;17000000000;10800000000;13800000000;18700000000;25200000000;32200000000;41900000000;55400000000;73300000000;97400000000;127000000000;150000000000;96100000000;82400000000,grid
b1p2_g17,1.2,17,17,70,7151516,870000000000.0,150000000000.0,51176470588.23529,0.8563479311769687,56,79,56;59;61;62;63;64;65;66;67;68;69;70;71;72;73;74;79,921198;612973;442261;235859;250101;269052;304206;341339;365318;393753;436408;483427;534177;577766;571549;306530;105599,11300000000;12600000000;13600000000;8690000000;10800000000;13800000000;18700000000;25200000000;32200000000;41900000000;55400000000;73300000000;97400000000;127000000000;150000000000;96100000000;82400000000,grid
b1p2_g18,1.2,18,18,70,7151516,867000000000.0,150000000000.0,48166666666.666664,0.918022545003477,55,79,55;58;60;61;62;63;64;65;66;67;68;69;70;71;72;73;74;79,811781;516510;421543;226598;235859;250101;269052;304206;341339;365318;393753;436408;483427;534177;577766;571549;306530;105599,8310000000;9520000000;10400000000;6960000000;8690000000;10800000000;13800000000;18700000000;25200000000;32200000000;41900000000;55400000000;73300000000;97400000000;127000000000;150000000000;96100000000;82400000000,grid
b1p2_g19,1.2,19,19,70,7151516,864000000000.0,150000000000.0,45473684210.52631,0.977729123053474,54,79,54;57;59;60;61;62;63;64;65;66;67;68;69;70;71;72;73;74;79,727593;392952;413626;215663;226598;235859;250101;269052;304206;341339;365318;393753;436408;483427;534177;577766;571549;306530;105599,5960000000;5630000000;8470000000;5300000000;6960000000;8690000000;10800000000;13800000000;18700000000;25200000000;32200000000;41900000000;55400000000;73300000000;97400000000;127000000000;150000000000;96100000000;82400000000,grid
b1p2_g20,1.2,20,20,70,7151516,864000000000.0,150000000000.0,43200000000.0,1.029061170837583,54,79,54;57;58;59;60;61;62;63;64;65;66;67;68;69;70;71;72;73;74;79,727593;392952;207746;205880;215663;226598;235859;250101;269052;304206;341339;365318;393753;436408;483427;534177;577766;571549;306530;105599,5960000000;5630000000;3830000000;4220000000;5300000000;6960000000;8690000000;10800000000;13800000000;18700000000;25200000000;32200000000;41900000000;55400000000;73300000000;97400000000;127000000000;150000000000;96100000000;82400000000,grid
b1p2_g70,1.2,70,70,70,7151516,825000000000.0,150000000000.0,11785714285.714285,2.504469109581433,10,79,10;11;12;13;14;15;16;17;18;19;20;21;22;23;24;25;26;27;28;29;30;31;32;33;34;35;36;37;38;39;40;41;42;43;44;45;46;47;48;49;50;51;52;53;54;55;56;57;58;59;60;61;62;63;64;65;66;67;68;69;70;71;72;73;74;75;76;77;78;79,1220;957;1113;736;1221;998;1363;1384;1416;1850;2043;2104;2212;2664;2735;3458;5226;4880;5508;7423;9035;11340;8468;10087;11319;12674;13782;13687;14858;16383;16882;18375;20645;23013;25881;27807;29913;32281;34297;38129;42850;49478;59999;63254;72645;84188;109417;199347;207746;205880;215663;226598;235859;250101;269052;304206;341339;365318;393753;436408;483427;534177;577766;571549;306530;54157;29273;13191;4657;4321,12500;12500;12500;12500;12500;12500;12500;12500;12500;12500;12500;12500;12500;12500;5620000;7110000;10700000;10000000;11300000;15200000;18500000;23200000;17400000;20700000;23200000;26000000;28200000;28000000;30500000;33600000;34600000;37600000;42300000;47100000;53000000;57000000;61300000;132000000;141000000;156000000;176000000;304000000;369000000;518000000;595000000;862000000;1340000000;2860000000;3830000000;4220000000;5300000000;6960000000;8690000000;10800000000;13800000000;18700000000;25200000000;32200000000;41900000000;55400000000;73300000000;97400000000;127000000000;150000000000;96100000000;20400000000;13300000000;7160000000;3040000000;3380000000,natural
b1p25_g01,1.25,1,1,58,7151516,6430000000000.0,6430000000000.0,6430000000000.0,0.0,65,65,65,7151516,6430000000000,grid
b1p25_g02,1.25,2,2,58,7151516,2370000000000.0,1300000000000.0,1185000000000.0,0.09292285040314446,58,65,58;65,5708463;1443053,1080000000000;1300000000000,grid
b1p25_g03,1.25,3,3,58,7151516,1650000000000.0,652000000000.0,550000000000.0,0.1418842115127121,56,65,56;59;65,4464155;1961706;725655,539000000000;462000000000;652000000000,grid
b1p25_g04,1.25,4,4,58,7151516,1250000000000.0,388000000000.0,312500000000.0,0.3028821553013647,55,65,55;58;60;65,3949874;1758589;1274446;168607,388000000000;331000000000;376000000000;152000000000,grid
b1p25_g05,1.25,5,5,58,7151516,1150000000000.0,324000000000.0,230000000000.0,0.28228074617255666,54,65,54;57;59;60;65,3489672;1559356;1376833;557048;168607,272000000000;236000000000;324000000000;164000000000;152000000000,grid
b1p25_g06,1.25,6,6,58,7151516,1080000000000.0,234000000000.0,180000000000.0,0.1508378520569977,53,65,53;56;58;59;60;65,3065238;1398917;1244308;717398;557048;168607,195000000000;169000000000;234000000000;169000000000;164000000000;152000000000,grid
b1p25_g07,1.25,7,7,58,7151516,1040000000000.0,169000000000.0,148571428571.42856,0.12400864280816988,52,65,52;55;57;58;59;60;65,2693687;1256187;1099154;659435;717398;557048;168607,138000000000;123000000000;167000000000;124000000000;169000000000;164000000000;152000000000,grid
b1p25_g08,1.25,8,8,58,7151516,1000000000000.0,169000000000.0,125000000000.0,0.24953348472700013,51,65,51;54;56;57;58;59;60;65,2371334;1118338;974483;584873;659435;717398;557048;168607,97100000000;87000000000;118000000000;88600000000;124000000000;169000000000;164000000000;152000000000,grid
b1p25_g09,1.25,9,9,58,7151516,978000000000.0,169000000000.0,108666666666.66667,0.3831620292089867,50,65,50;53;55;56;57;58;59;60;65,2073460;991778;884636;514281;584873;659435;717398;557048;168607,67900000000;63000000000;87000000000;62100000000;88600000000;124000000000;169000000000;164000000000;152000000000,grid
b1p25_g10,1.25,10,10,58,7151516,961000000000.0,169000000000.0,96100000000.0,0.5059768637116303,49,65,49;52;54;55;56;57;58;59;60;65,1792908;900779;795985;460202;514281;584873;659435;717398;557048;168607,47700000000;46100000000;61900000000;45200000000;62100000000;88600000000;124000000000;169000000000;164000000000;152000000000,grid
b1p25_g11,1.25,11,11,58,7151516,948000000000.0,169000000000.0,86181818181.81818,0.6182073237843562,48,65,48;51;53;54;55;56;57;58;59;60;65,1528129;843205;693904;424434;460202;514281;584873;659435;717398;557048;168607,31300000000;34500000000;44100000000;33000000000;45200000000;62100000000;88600000000;124000000000;169000000000;164000000000;152000000000,grid
b1p25_g12,1.25,12,12,58,7151516,941000000000.0,169000000000.0,78416666666.66667,0.7155493979776799,47,65,47;50;52;53;54;55;56;57;58;59;60;65,1275970;797490;620227;371551;424434;460202;514281;584873;659435;717398;557048;168607,20900000000;26100000000;31800000000;23600000000;33000000000;45200000000;62100000000;88600000000;124000000000;169000000000;164000000000;152000000000,grid
b1p25_g13,1.25,13,13,58,7151516,937000000000.0,169000000000.0,72076923076.92308,0.8005465509992813,46,65,46;49;51;52;53;54;55;56;57;58;59;60;65,1020723;772185;578426;322353;371551;424434;460202;514281;584873;659435;717398;557048;168607,14600000000;20600000000;23700000000;16500000000;23600000000;33000000000;45200000000;62100000000;88600000000;124000000000;169000000000;164000000000;152000000000,grid
b1p25_g14,1.25,14,14,58,7151516,933000000000.0,169000000000.0,66642857142.85714,0.8810698675894377,45,65,45;48;50;51;52;53;54;55;56;57;58;59;60;65,838899;689230;545331;297874;322353;371551;424434;460202;514281;584873;659435;717398;557048;168607,10300000000;14100000000;17900000000;12200000000;16500000000;23600000000;33000000000;45200000000;62100000000;88600000000;124000000000;169000000000;164000000000;152000000000,grid
b1p25_g15,1.25,15,15,58,7151516,930000000000.0,169000000000.0,62000000000.0,0.9547123808468249,44,65,44;47;49;50;51;52;53;54;55;56;57;58;59;60;65,733684;542286;516938;280552;297874;322353;371551;424434;460202;514281;584873;659435;717398;557048;168607,7510000000;8880000000;13800000000;9190000000;12200000000;16500000000;23600000000;33000000000;45200000000;62100000000;88600000000;124000000000;169000000000;164000000000;152000000000,grid
b1p25_g16,1.25,16,16,58,7151516,928000000000.0,169000000000.0,58000000000.0,1.0220759121800205,44,65,44;47;48;49;50;51;52;53;54;55;56;57;58;59;60;65,733684;542286;252159;264779;280552;297874;322353;371551;424434;460202;514281;584873;659435;717398;557048;168607,7510000000;8880000000;5160000000;7050000000;9190000000;12200000000;16500000000;23600000000;33000000000;45200000000;62100000000;88600000000;124000000000;169000000000;164000000000;152000000000,grid
b1p25_g17,1.25,17,17,58,7151516,927000000000.0,169000000000.0,54529411764.70588,1.0849324919420693,43,65,43;46;47;48;49;50;51;52;53;54;55;56;57;58;59;60;65,645000;375723;255247;252159;264779;280552;297874;322353;371551;424434;460202;514281;584873;659435;717398;557048;168607,5280000000;5390000000;4180000000;5160000000;7050000000;9190000000;12200000000;16500000000;23600000000;33000000000;45200000000;62100000000;88600000000;124000000000;169000000000;164000000000;152000000000,grid
b1p25_g18,1.25,18,18,58,7151516,925000000000.0,169000000000.0,51388888888.888885,1.1458012281899286,42,65,42;45;46;47;48;49;50;51;52;53;54;55;56;57;58;59;60;65,569591;269308;181824;255247;252159;264779;280552;297874;322353;371551;424434;460202;514281;584873;659435;717398;557048;168607,3500000000;3310000000;2610000000;4180000000;5160000000;7050000000;9190000000;12200000000;16500000000;23600000000;33000000000;45200000000;62100000000;88600000000;124000000000;169000000000;164000000000;152000000000,grid
b1p25_g19,1.25,19,19,58,7151516,924000000000.0,169000000000.0,48631578947.36842,1.2026399142404753,40,65,40;43;45;46;47;48;49;50;51;52;53;54;55;56;57;58;59;60;65,446504;198496;193899;181824;255247;252159;264779;280552;297874;322353;371551;424434;460202;514281;584873;659435;717398;557048;168607,1830000000;1630000000;2380000000;2610000000;4180000000;5160000000;7050000000;9190000000;12200000000;16500000000;23600000000;33000000000;45200000000;62100000000;88600000000;124000000000;169000000000;164000000000;152000000000,grid
b1p25_g20,1.25,20,20,58,7151516,924000000000.0,169000000000.0,46200000000.0,1.2550945086682412,38,65,38;42;44;45;46;47;48;49;50;51;52;53;54;55;56;57;58;59;60;65,358115;211476;164093;105215;181824;255247;252159;264779;280552;297874;322353;371551;424434;460202;514281;584873;659435;717398;557048;168607,1470000000;1300000000;1680000000;1290000000;2610000000;4180000000;5160000000;7050000000;9190000000;12200000000;16500000000;23600000000;33000000000;45200000000;62100000000;88600000000;124000000000;169000000000;164000000000;152000000000,grid
b1p25_g58,1.25,58,58,58,7151516,842000000000.0,169000000000.0,14517241379.310345,2.50500784235999,8,65,8;9;10;11;12;13;14;15;16;17;18;19;20;21;22;23;24;25;26;27;28;29;30;31;32;33;34;35;36;37;38;39;40;41;42;43;44;45;46;47;48;49;50;51;52;53;54;55;56;57;58;59;60;61;62;63;64;65,1220;1595;854;1136;1440;1363;2006;1932;2329;2530;2882;3144;3924;5932;6139;7292;9679;14020;10281;12615;14743;16149;16852;18348;20034;21790;24443;27902;32193;34922;38426;41575;46814;55594;67493;75409;88684;105215;181824;255247;252159;264779;280552;297874;322353;371551;424434;460202;514281;584873;659435;717398;557048;112869;35866;11989;7867;16,12500;12500;12500;12500;12500;12500;12500;12500;12500;12500;12500;6450000;8060000;12200000;12600000;15000000;19800000;28700000;21100000;25900000;30200000;33100000;34500000;37600000;41100000;44600000;50100000;57200000;66000000;71500000;157000000;170000000;192000000;342000000;415000000;618000000;908000000;1290000000;2610000000;4180000000;5160000000;7050000000;9190000000;12200000000;16500000000;23600000000;33000000000;45200000000;62100000000;88600000000;124000000000;169000000000;164000000000;41600000000;16500000000;6900000000;5660000000;14400000,natural
b1p3_g01,1.3,1,1,49,7151516,6210000000000.0,6210000000000.0,6210000000000.0,0.0,55,55,55,7151516,6210000000000,grid
b1p3_g02,1.3,2,2,49,7151516,2380000000000.0,1380000000000.0,1190000000000.0,0.15966386554621848,49,55,49;55,5562867;1588649,1000000000000;1380000000000,grid
b1p3_g03,1.3,3,3,49,7151516,1620000000000.0,653000000000.0,540000000000.0,0.15982529327764383,47,55,47;50;55,4166397;2233336;751783,444000000000;521000000000;653000000000,grid
b1p3_g04,1.3,4,4,49,7151516,1210000000000.0,445000000000.0,302500000000.0,0.3995934003399534,46,55,46;49;51;55,3606532;1956335;1457266;131383,295000000000;353000000000;445000000000;114000000000,grid
b1p3_g05,1.3,5,5,49,7151516,1150000000000.0,353000000000.0,230000000000.0,0.3674671905161876,46,55,46;49;50;51;55,3606532;1956335;836866;620400;131383,295000000000;353000000000;195000000000;189000000000;114000000000,grid
b1p3_g06,1.3,6,6,49,7151516,1070000000000.0,239000000000.0,178333333333.33334,0.23387278602249784,45,55,45;48;49;50;51;55,3099637;1714329;748901;836866;620400;131383,197000000000;239000000000;135000000000;195000000000;189000000000;114000000000,grid
b1p3_g07,1.3,7,7,49,7151516,1010000000000.0,195000000000.0,144285714285.7143,0.24745400969280681,44,55,44;47;48;49;50;51;55,2662872;1503525;647569;748901;836866;620400;131383,131000000000;160000000000;90200000000;135000000000;195000000000;189000000000;114000000000,grid
b1p3_g08,1.3,8,8,49,7151516,981000000000.0,195000000000.0,122625000000.0,0.36734220812695717,43,55,43;46;47;48;49;50;51;55,2289605;1316927;559865;647569;748901;836866;620400;131383,89100000000;108000000000;59600000000;90200000000;135000000000;195000000000;189000000000;114000000000,grid
b1p3_g09,1.3,9,9,49,7151516,954000000000.0,195000000000.0,106000000000.0,0.505793636028318,42,55,42;45;46;47;48;49;50;51;55,1948321;1151316;506895;559865;647569;748901;836866;620400;131383,55900000000;73100000000;41500000000;59600000000;90200000000;135000000000;195000000000;189000000000;114000000000,grid
b1p3_g10,1.3,10,10,49,7151516,940000000000.0,195000000000.0,94000000000.0,0.6275481329123485,41,55,41;44;45;46;47;48;49;50;51;55,1627270;1035602;436765;506895;559865;647569;748901;836866;620400;131383,36700000000;50900000000;27700000000;41500000000;59600000000;90200000000;135000000000;195000000000;189000000000;114000000000,grid
b1p3_g11,1.3,11,11,49,7151516,930000000000.0,195000000000.0,84545454545.45454,0.7375185965073979,40,55,40;42;44;45;46;47;48;49;50;51;55,1328249;620072;714551;436765;506895;559865;647569;748901;836866;620400;131383,24500000000;17800000000;35100000000;27700000000;41500000000;59600000000;90200000000;135000000000;195000000000;189000000000;114000000000,grid
b1p3_g12,1.3,12,12,49,7151516,927000000000.0,195000000000.0,77250000000.0,0.8283172205921899,40,55,40;42;43;44;45;46;47;48;49;50;51;55,1328249;620072;341284;373267;436765;506895;559865;647569;748901;836866;620400;131383,24500000000;17800000000;13300000000;18300000000;27700000000;41500000000;59600000000;90200000000;135000000000;195000000000;189000000000;114000000000,grid
b1p3_g13,1.3,13,13,49,7151516,922000000000.0,195000000000.0,70923076923.07692,0.9161857915882785,39,55,39;41;42;43;44;45;46;47;48;49;50;51;55,1028206;599064;321051;341284;373267;436765;506895;559865;647569;748901;836866;620400;131383,14700000000;13500000000;9210000000;13300000000;18300000000;27700000000;41500000000;59600000000;90200000000;135000000000;195000000000;189000000000;114000000000,grid
b1p3_g14,1.3,14,14,49,7151516,918000000000.0,195000000000.0,65571428571.42857,0.997076018952809,38,55,38;40;41;42;43;44;45;46;47;48;49;50;51;55,822718;505531;299021;321051;341284;373267;436765;506895;559865;647569;748901;836866;620400;131383,8420000000;9320000000;6740000000;9210000000;13300000000;18300000000;27700000000;41500000000;59600000000;90200000000;135000000000;195000000000;189000000000;114000000000,grid
b1p3_g15,1.3,15,15,49,7151516,916000000000.0,195000000000.0,61066666666.666664,1.0696148030396917,37,55,37;39;40;41;42;43;44;45;46;47;48;49;50;51;55,703352;324854;300043;299021;321051;341284;373267;436765;506895;559865;647569;748901;836866;620400;131383,5760000000;4660000000;5530000000;6740000000;9210000000;13300000000;18300000000;27700000000;41500000000;59600000000;90200000000;135000000000;195000000000;189000000000;114000000000,grid
b1p3_g16,1.3,16,16,49,7151516,915000000000.0,195000000000.0,57187500000.0,1.1365872893483984,35,55,35;38;39;40;41;42;43;44;45;46;47;48;49;50;51;55,521854;300864;205488;300043;299021;321051;341284;373267;436765;506895;559865;647569;748901;836866;620400;131383,3210000000;3080000000;2950000000;5530000000;6740000000;9210000000;13300000000;18300000000;27700000000;41500000000;59600000000;90200000000;135000000000;195000000000;189000000000;114000000000,grid
b1p3_g17,1.3,17,17,49,7151516,914000000000.0,195000000000.0,53764705882.35294,1.2001921888159235,34,55,34;37;38;39;40;41;42;43;44;45;46;47;48;49;50;51;55,454384;248968;119366;205488;300043;299021;321051;341284;373267;436765;506895;559865;647569;748901;836866;620400;131383,1860000000;2040000000;1220000000;2950000000;5530000000;6740000000;9210000000;13300000000;18300000000;27700000000;41500000000;59600000000;90200000000;135000000000;195000000000;189000000000;114000000000,grid
b1p3_g18,1.3,18,18,49,7151516,913000000000.0,195000000000.0,50722222222.22222,1.2604302985311038,32,55,32;35;37;38;39;40;41;42;43;44;45;46;47;48;49;50;51;55,350111;171743;181498;119366;205488;300043;299021;321051;341284;373267;436765;506895;559865;647569;748901;836866;620400;131383,717000000;1060000000;1490000000;1220000000;2950000000;5530000000;6740000000;9210000000;13300000000;18300000000;27700000000;41500000000;59600000000;90200000000;135000000000;195000000000;189000000000;114000000000,grid
b1p3_g19,1.3,19,19,49,7151516,913000000000.0,195000000000.0,48052631578.947365,1.316462446060058,31,55,31;34;36;37;38;39;40;41;42;43;44;45;46;47;48;49;50;51;55,306115;148269;152082;96886;119366;205488;300043;299021;321051;341284;373267;436765;506895;559865;647569;748901;836866;620400;131383,627000000;607000000;934000000;794000000;1220000000;2950000000;5530000000;6740000000;9210000000;13300000000;18300000000;27700000000;41500000000;59600000000;90200000000;135000000000;195000000000;189000000000;114000000000,grid
b1p3_g20,1.3,20,20,49,7151516,913000000000.0,195000000000.0,45650000000.0,1.3699693376769824,31,55,31;34;35;36;37;38;39;40;41;42;43;44;45;46;47;48;49;50;51;55,306115;148269;67470;84612;96886;119366;205488;300043;299021;321051;341284;373267;436765;506895;559865;647569;748901;836866;620400;131383,627000000;607000000;415000000;520000000;794000000;1220000000;2950000000;5530000000;6740000000;9210000000;13300000000;18300000000;27700000000;41500000000;59600000000;90200000000;135000000000;195000000000;189000000000;114000000000,grid
b1p3_g49,1.3,49,49,49,7151516,858000000000.0,195000000000.0,17510204081.632652,2.492918969407778,7,55,7;8;9;10;11;12;13;14;15;16;17;18;19;20;21;22;23;24;25;26;27;28;29;30;31;32;33;34;35;36;37;38;39;40;41;42;43;44;45;46;47;48;49;50;51;52;53;54;55,2177;1113;1109;1488;2057;2208;2326;3120;3019;3814;4685;7328;7499;10175;15161;12900;15162;17803;19648;20732;23405;25390;29501;34723;39572;43996;48573;55700;67470;84612;96886;119366;205488;300043;299021;321051;341284;373267;436765;506895;559865;647569;748901;836866;620400;88816;31698;8182;2687,12500;12500;12500;12500;12500;12500;12500;12500;12500;7830000;9610000;15000000;15400000;20900000;31100000;26400000;31100000;36500000;40300000;42500000;48000000;52000000;60400000;71100000;81100000;90100000;199000000;228000000;415000000;520000000;794000000;1220000000;2950000000;5530000000;6740000000;9210000000;13300000000;18300000000;27700000000;41500000000;59600000000;90200000000;135000000000;195000000000;189000000000;35100000000;16300000000;5460000000;2330000000,natural
b1p4_g01,1.4,1,1,39,7151516,6940000000000.0,6940000000000.0,6940000000000.0,0.0,43,43,43,7151516,6940000000000,grid
b1p4_g02,1.4,2,2,39,7151516,2550000000000.0,1530000000000.0,1275000000000.0,0.2,38,43,38;43,5575456;1576060,1020000000000;1530000000000,grid
b1p4_g03,1.4,3,3,39,7151516,1600000000000.0,598000000000.0,533333333333.3333,0.08737491058650647,37,43,37;39;43,4631848;2015041;504627,598000000000;512000000000;490000000000,grid
b1p4_g04,1.4,4,4,39,7151516,1430000000000.0,490000000000.0,357500000000.0,0.228811359789291,36,43,36;38;39;43,3850193;1725263;1071433;504627,355000000000;314000000000;272000000000;490000000000,grid
b1p4_g05,1.4,5,5,39,7151516,1160000000000.0,355000000000.0,232000000000.0,0.4639395359144791,36,43,36;38;39;40;43,3850193;1725263;1071433;440177;64450,355000000000;314000000000;272000000000;156000000000;62600000000,grid
b1p4_g06,1.4,6,6,39,7151516,1060000000000.0,272000000000.0,176666666666.66666,0.35892297655233446,35,43,35;37;38;39;40;43,3181031;1450817;943608;1071433;440177;64450,215000000000;187000000000;172000000000;272000000000;156000000000;62600000000,grid
b1p4_g07,1.4,7,7,39,7151516,1000000000000.0,272000000000.0,142857142857.14285,0.4357078378914017,34,43,34;36;37;38;39;40;43,2618384;1231809;781655;943608;1071433;440177;64450,123000000000;114000000000;101000000000;172000000000;272000000000;156000000000;62600000000,grid
b1p4_g08,1.4,8,8,39,7151516,970000000000.0,272000000000.0,121250000000.0,0.5737801664887348,33,43,33;35;36;37;38;39;40;43,2151140;1029891;669162;781655;943608;1071433;440177;64450,74900000000;69600000000;61700000000;101000000000;172000000000;272000000000;156000000000;62600000000,grid
b1p4_g09,1.4,9,9,39,7151516,948000000000.0,272000000000.0,105333333333.33333,0.7148749820205044,32,43,32;34;35;36;37;38;39;40;43,1727807;890577;562647;669162;781655;943608;1071433;440177;64450,42500000000;42000000000;38000000000;61700000000;101000000000;172000000000;272000000000;156000000000;62600000000,grid
b1p4_g10,1.4,10,10,39,7151516,938000000000.0,272000000000.0,93800000000.0,0.8335288374860712,31,43,31;33;34;35;36;37;38;39;40;43,1339633;811507;467244;562647;669162;781655;943608;1071433;440177;64450,24700000000;28300000000;22000000000;38000000000;61700000000;101000000000;172000000000;272000000000;156000000000;62600000000,grid
b1p4_g11,1.4,11,11,39,7151516,931000000000.0,272000000000.0,84636363636.36363,0.9406813505610765,30,43,30;32;33;34;35;36;37;38;39;40;43,958752;769055;423333;467244;562647;669162;781655;943608;1071433;440177;64450,11800000000;18900000000;14700000000;22000000000;38000000000;61700000000;101000000000;172000000000;272000000000;156000000000;62600000000,grid
b1p4_g12,1.4,12,12,39,7151516,928000000000.0,272000000000.0,77333333333.33333,1.0323018324751727,29,43,29;31;32;33;34;35;36;37;38;39;40;43,756964;582669;388174;423333;467244;562647;669162;781655;943608;1071433;440177;64450,7750000000;10700000000;9540000000;14700000000;22000000000;38000000000;61700000000;101000000000;172000000000;272000000000;156000000000;62600000000,grid
b1p4_g13,1.4,13,13,39,7151516,926000000000.0,272000000000.0,71230769230.76923,1.1165327317611853,28,43,28;30;31;32;33;34;35;36;37;38;39;40;43,623608;335144;380881;388174;423333;467244;562647;669162;781655;943608;1071433;440177;64450,5110000000;4120000000;7020000000;9540000000;14700000000;22000000000;38000000000;61700000000;101000000000;172000000000;272000000000;156000000000;62600000000,grid
b1p4_g14,1.4,14,14,39,7151516,925000000000.0,272000000000.0,66071428571.42857,1.1935495738774913,27,43,27;29;30;31;32;33;34;35;36;37;38;39;40;43,515268;241696;201788;380881;388174;423333;467244;562647;669162;781655;943608;1071433;440177;64450,3170000000;2470000000;2480000000;7020000000;9540000000;14700000000;22000000000;38000000000;61700000000;101000000000;172000000000;272000000000;156000000000;62600000000,grid
b1p4_g15,1.4,15,15,39,7151516,924000000000.0,272000000000.0,61600000000.0,1.2661023429133391,26,43,26;28;29;30;31;32;33;34;35;36;37;38;39;40;43,432554;191054;133356;201788;380881;388174;423333;467244;562647;669162;781655;943608;1071433;440177;64450,1770000000;1570000000;1370000000;2480000000;7020000000;9540000000;14700000000;22000000000;38000000000;61700000000;101000000000;172000000000;272000000000;156000000000;62600000000,grid
b1p4_g16,1.4,16,16,39,7151516,923000000000.0,272000000000.0,57687500000.0,1.3347302172964224,24,43,24;27;28;29;30;31;32;33;34;35;36;37;38;39;40;43,308655;206613;108340;133356;201788;380881;388174;423333;467244;562647;669162;781655;943608;1071433;440177;64450,632000000;1270000000;888000000;1370000000;2480000000;7020000000;9540000000;14700000000;22000000000;38000000000;61700000000;101000000000;172000000000;272000000000;156000000000;62600000000,grid
b1p4_g17,1.4,17,17,39,7151516,923000000000.0,272000000000.0,54294117647.05882,1.398536513302737,24,43,24;26;27;28;29;30;31;32;33;34;35;36;37;38;39;40;43,308655;123899;82714;108340;133356;201788;380881;388174;423333;467244;562647;669162;781655;943608;1071433;440177;64450,632000000;508000000;508000000;888000000;1370000000;2480000000;7020000000;9540000000;14700000000;22000000000;38000000000;61700000000;101000000000;172000000000;272000000000;156000000000;62600000000,grid
b1p4_g18,1.4,18,18,39,7151516,923000000000.0,272000000000.0,51277777777.77778,1.4593731550671079,20,43,20;24;26;27;28;29;30;31;32;33;34;35;36;37;38;39;40;43,151994;156661;123899;82714;108340;133356;201788;380881;388174;423333;467244;562647;669162;781655;943608;1071433;440177;64450,311000000;321000000;508000000;508000000;888000000;1370000000;2480000000;7020000000;9540000000;14700000000;22000000000;38000000000;61700000000;101000000000;172000000000;272000000000;156000000000;62600000000,grid
b1p4_g19,1.4,19,19,39,7151516,923000000000.0,272000000000.0,48578947368.42105,1.5177743271294584,20,43,20;24;25;26;27;28;29;30;31;32;33;34;35;36;37;38;39;40;43,151994;156661;57696;66203;82714;108340;133356;201788;380881;388174;423333;467244;562647;669162;781655;943608;1071433;440177;64450,311000000;321000000;236000000;271000000;508000000;888000000;1370000000;2480000000;7020000000;9540000000;14700000000;22000000000;38000000000;61700000000;101000000000;172000000000;272000000000;156000000000;62600000000,grid
b1p4_g20,1.4,20,20,39,7151516,923000000000.0,272000000000.0,46150000000.0,1.5740097930883643,18,43,18;22;24;25;26;27;28;29;30;31;32;33;34;35;36;37;38;39;40;43,101586;114824;92245;57696;66203;82714;108340;133356;201788;380881;388174;423333;467244;562647;669162;781655;943608;1071433;440177;64450,208000000;235000000;189000000;236000000;271000000;508000000;888000000;1370000000;2480000000;7020000000;9540000000;14700000000;22000000000;38000000000;61700000000;101000000000;172000000000;272000000000;156000000000;62600000000,grid
b1p4_g39,1.4,39,39,39,7151516,895000000000.0,272000000000.0,22948717948.71795,2.460999344172901,5,43,5;6;7;8;9;10;11;12;13;14;15;16;17;18;19;20;21;22;23;24;25;26;27;28;29;30;31;32;33;34;35;36;37;38;39;40;41;42;43,1220;2070;1515;2180;2629;3124;3867;4676;5641;9089;10652;17754;16818;20351;24388;26020;30037;34379;41921;50324;57696;66203;82714;108340;133356;201788;380881;388174;423333;467244;562647;669162;781655;943608;1071433;440177;51471;12534;445,12500;12500;12500;12500;12500;12500;12500;12500;11600000;18600000;21800000;36400000;34500000;41700000;50000000;53300000;61500000;70400000;85900000;103000000;236000000;271000000;508000000;888000000;1370000000;2480000000;7020000000;9540000000;14700000000;22000000000;38000000000;61700000000;101000000000;172000000000;272000000000;156000000000;25500000000;8700000000;435000000,natural
b1p5_g01,1.5,1,1,32,7151516,5640000000000.0,5640000000000.0,5640000000000.0,0.0,35,35,35,7151516,5640000000000,grid
b1p5_g02,1.5,2,2,32,7151516,2090000000000.0,1490000000000.0,1045000000000.0,0.42919967122039127,32,35,32;35,6398981;752535,1490000000000;593000000000,grid
b1p5_g03,1.5,3,3,32,7151516,1560000000000.0,593000000000.0,520000000000.0,0.1304577738934356,30,35,30;32;35,4111559;2287422;752535,429000000000;534000000000;593000000000,grid
b1p5_g04,1.5,4,4,32,7151516,1260000000000.0,534000000000.0,315000000000.0,0.584039179908703,30,35,30;32;33;35,4111559;2287422;685717;66818,429000000000;534000000000;240000000000;52700000000,grid
b1p5_g05,1.5,5,5,32,7151516,1100000000000.0,294000000000.0,220000000000.0,0.40056411667827657,29,35,29;31;32;33;35,3277060;1863396;1258525;685717;66818,228000000000;290000000000;294000000000;240000000000;52700000000,grid
b1p5_g06,1.5,6,6,32,7151516,1030000000000.0,294000000000.0,171666666666.66666,0.4546631484575906,28,35,28;30;31;32;33;35,2591625;1519934;1028897;1258525;685717;66818,122000000000;159000000000;160000000000;294000000000;240000000000;52700000000,grid
b1p5_g07,1.5,7,7,32,7151516,983000000000.0,294000000000.0,140428571428.57144,0.6219563289974568,27,35,27;29;30;31;32;33;35,2038403;1238657;834499;1028897;1258525;685717;66818,62600000000;86300000000;87200000000;160000000000;294000000000;240000000000;52700000000,grid
b1p5_g08,1.5,8,8,32,7151516,963000000000.0,294000000000.0,120375000000.0,0.7765644985072707,26,35,26;28;29;30;31;32;33;35,1543762;1047863;685435;834499;1028897;1258525;685717;66818,31600000000;49400000000;47700000000;87200000000;160000000000;294000000000;240000000000;52700000000,grid
b1p5_g09,1.5,9,9,32,7151516,953000000000.0,294000000000.0,105888888888.88889,0.9082860962395091,25,35,25;27;28;29;30;31;32;33;35,1082946;955457;553222;685435;834499;1028897;1258525;685717;66818,15500000000;29400000000;26100000000;47700000000;87200000000;160000000000;294000000000;240000000000;52700000000,grid
b1p5_g10,1.5,10,10,32,7151516,948000000000.0,294000000000.0,94800000000.0,1.021051111356503,25,35,25;26;27;28;29;30;31;32;33;35,1082946;460816;494641;553222;685435;834499;1028897;1258525;685717;66818,15500000000;9440000000;15200000000;26100000000;47700000000;87200000000;160000000000;294000000000;240000000000;52700000000,grid
b1p5_g11,1.5,11,11,32,7151516,943000000000.0,294000000000.0,85727272727.27272,1.1262400782598665,23,35,23;25;26;27;28;29;30;31;32;33;35,614485;468461;460816;494641;553222;685435;834499;1028897;1258525;685717;66818,3780000000;6720000000;9440000000;15200000000;26100000000;47700000000;87200000000;160000000000;294000000000;240000000000;52700000000,grid
b1p5_g12,1.5,12,12,32,7151516,942000000000.0,294000000000.0,78500000000.0,1.2164910847122063,22,35,22;24;25;26;27;28;29;30;31;32;33;35,489388;287215;306343;460816;494641;553222;685435;834499;1028897;1258525;685717;66818,2000000000;2940000000;4390000000;9440000000;15200000000;26100000000;47700000000;87200000000;160000000000;294000000000;240000000000;52700000000,grid
b1p5_g13,1.5,13,13,32,7151516,941000000000.0,294000000000.0,72384615384.61539,1.3002434312873958,21,35,21;23;24;25;26;27;28;29;30;31;32;33;35,398659;215826;162118;306343;460816;494641;553222;685435;834499;1028897;1258525;685717;66818,1630000000;1330000000;1660000000;4390000000;9440000000;15200000000;26100000000;47700000000;87200000000;160000000000;294000000000;240000000000;52700000000,grid
b1p5_g14,1.5,14,14,32,7151516,941000000000.0,294000000000.0,67214285714.28571,1.3781967780737872,20,35,20;22;23;24;25;26;27;28;29;30;31;32;33;35,325435;163953;125097;162118;306343;460816;494641;553222;685435;834499;1028897;1258525;685717;66818,667000000;672000000;769000000;1660000000;4390000000;9440000000;15200000000;26100000000;47700000000;87200000000;160000000000;294000000000;240000000000;52700000000,grid
b1p5_g15,1.5,15,15,32,7151516,941000000000.0,294000000000.0,62733333333.333336,1.45126820502154,19,35,19;21;22;23;24;25;26;27;28;29;30;31;32;33;35,263100;135559;90729;125097;162118;306343;460816;494641;553222;685435;834499;1028897;1258525;685717;66818,539000000;555000000;372000000;769000000;1660000000;4390000000;9440000000;15200000000;26100000000;47700000000;87200000000;160000000000;294000000000;240000000000;52700000000,grid
b1p5_g16,1.5,16,16,32,7151516,941000000000.0,294000000000.0,58812500000.0,1.5210094233618559,17,35,17;20;21;22;23;24;25;26;27;28;29;30;31;32;33;35,172648;152787;73224;90729;125097;162118;306343;460816;494641;553222;685435;834499;1028897;1258525;685717;66818,354000000;313000000;300000000;372000000;769000000;1660000000;4390000000;9440000000;15200000000;26100000000;47700000000;87200000000;160000000000;294000000000;240000000000;52700000000,grid
b1p5_g17,1.5,17,17,32,7151516,941000000000.0,294000000000.0,55352941176.47059,1.587606851740254,15,35,15;18;20;21;22;23;24;25;26;27;28;29;30;31;32;33;35,108098;104397;112940;73224;90729;125097;162118;306343;460816;494641;553222;685435;834499;1028897;1258525;685717;66818,221000000;214000000;231000000;300000000;372000000;769000000;1660000000;4390000000;9440000000;15200000000;26100000000;47700000000;87200000000;160000000000;294000000000;240000000000;52700000000,grid
b1p5_g18,1.5,18,18,32,7151516,941000000000.0,294000000000.0,52277777777.77778,1.6515204780759223,14,35,14;17;19;20;21;22;23;24;25;26;27;28;29;30;31;32;33;35,82585;90063;90452;62335;73224;90729;125097;162118;306343;460816;494641;553222;685435;834499;1028897;1258525;685717;66818,169000000;184000000;185000000;128000000;300000000;372000000;769000000;1660000000;4390000000;9440000000;15200000000;26100000000;47700000000;87200000000;160000000000;294000000000;240000000000;52700000000,grid
b1p5_g19,1.5,19,19,32,7151516,941000000000.0,294000000000.0,49526315789.47369,1.7130505930698932,13,35,13;16;18;19;20;21;22;23;24;25;26;27;28;29;30;31;32;33;35,61032;77117;74346;50605;62335;73224;90729;125097;162118;306343;460816;494641;553222;685435;834499;1028897;1258525;685717;66818,125000000;158000000;152000000;104000000;128000000;300000000;372000000;769000000;1660000000;4390000000;9440000000;15200000000;26100000000;47700000000;87200000000;160000000000;294000000000;240000000000;52700000000,grid
b1p5_g20,1.5,20,20,32,7151516,941000000000.0,294000000000.0,47050000000.0,1.7724466205766856,13,35,13;15;17;18;19;20;21;22;23;24;25;26;27;28;29;30;31;32;33;35,61032;47066;64550;39847;50605;62335;73224;90729;125097;162118;306343;460816;494641;553222;685435;834499;1028897;1258525;685717;66818,125000000;96400000;132000000;81600000;104000000;128000000;300000000;372000000;769000000;1660000000;4390000000;9440000000;15200000000;26100000000;47700000000;87200000000;160000000000;294000000000;240000000000;52700000000,grid
b1p5_g32,1.5,32,32,32,7151516,926000000000.0,294000000000.0,28937500000.0,2.402980972524364,4,35,4;5;6;7;8;9;10;11;12;13;14;15;16;17;18;19;20;21;22;23;24;25;26;27;28;29;30;31;32;33;34;35,1220;2449;2218;2772;3599;4570;5603;8704;11466;18431;21553;25513;30051;34499;39847;50605;62335;73224;90729;125097;162118;306343;460816;494641;553222;685435;834499;1028897;1258525;685717;56922;9896,12500;12500;12500;12500;12500;12500;11500000;17800000;23500000;37800000;44200000;52300000;61600000;70700000;81600000;104000000;128000000;300000000;372000000;769000000;1660000000;4390000000;9440000000;15200000000;26100000000;47700000000;87200000000;160000000000;294000000000;240000000000;30000000000;7800000000,natural
b1p75_g01,1.75,1,1,23,7151516,5390000000000.0,5390000000000.0,5390000000000.0,0.0,25,25,25,7151516,5390000000000,grid
b1p75_g02,1.75,2,2,23,7151516,2060000000000.0,1610000000000.0,1030000000000.0,0.5655391891088954,23,25,23;25,6561367;590149,1610000000000;445000000000,grid
b1p75_g03,1.75,3,3,23,7151516,1550000000000.0,686000000000.0,516666666666.6667,0.23265736285610014,22,25,22;23;25,4854905;1706462;590149,686000000000;419000000000;445000000000,grid
b1p75_g04,1.75,4,4,23,7151516,1340000000000.0,445000000000.0,335000000000.0,0.31454670592325884,21,25,21;22;23;25,3566922;1287983;1706462;590149,292000000000;182000000000;419000000000;445000000000,grid
b1p75_g05,1.75,5,5,23,7151516,1160000000000.0,419000000000.0,232000000000.0,0.5631034218806084,21,25,21;22;23;24;25,3566922;1287983;1706462;561264;28885,292000000000;182000000000;419000000000;241000000000;21800000000,grid
b1p75_g06,1.75,6,6,23,7151516,1070000000000.0,419000000000.0,178333333333.33334,0.7205458257543139,20,25,20;21;22;23;24;25,2581903;985019;1287983;1706462;561264;28885,122000000000;80700000000;182000000000;419000000000;241000000000;21800000000,grid
b1p75_g07,1.75,7,7,23,7151516,1030000000000.0,419000000000.0,147142857142.85715,0.9127394315275354,19,25,19;20;21;22;23;24;25,1836310;745593;985019;1287983;1706462;561264;28885,48900000000;35100000000;80700000000;182000000000;419000000000;241000000000;21800000000,grid
b1p75_g08,1.75,8,8,23,7151516,1020000000000.0,419000000000.0,127500000000.0,1.0614827898686043,18,25,18;19;20;21;22;23;24;25,1187142;649168;745593;985019;1287983;1706462;561264;28885,19500000000;17300000000;35100000000;80700000000;182000000000;419000000000;241000000000;21800000000,grid
b1p75_g09,1.75,9,9,23,7151516,1010000000000.0,419000000000.0,112222222222.22223,1.1942517908165933,17,25,17;18;19;20;21;22;23;24;25,747595;439547;649168;745593;985019;1287983;1706462;561264;28885,7660000000;7200000000;17300000000;35100000000;80700000000;182000000000;419000000000;241000000000;21800000000,grid
b1p75_g10,1.75,10,10,23,7151516,1010000000000.0,419000000000.0,101000000000.0,1.3039092993138643,16,25,16;17;18;19;20;21;22;23;24;25,540948;206647;439547;649168;745593;985019;1287983;1706462;561264;28885,3320000000;2120000000;7200000000;17300000000;35100000000;80700000000;182000000000;419000000000;241000000000;21800000000,grid
b1p75_g11,1.75,11,11,23,7151516,1010000000000.0,419000000000.0,91818181818.18182,1.4044554987380327,14,25,14;16;17;18;19;20;21;22;23;24;25,305923;235025;206647;439547;649168;745593;985019;1287983;1706462;561264;28885,627000000;1440000000;2120000000;7200000000;17300000000;35100000000;80700000000;182000000000;419000000000;241000000000;21800000000,grid
b1p75_g12,1.75,12,12,23,7151516,1010000000000.0,419000000000.0,84166666666.66667,1.4975959118378415,14,25,14;15;16;17;18;19;20;21;22;23;24;25,305923;99267;135758;206647;439547;649168;745593;985019;1287983;1706462;561264;28885,627000000;407000000;834000000;2120000000;7200000000;17300000000;35100000000;80700000000;182000000000;419000000000;241000000000;21800000000,grid
b1p75_g13,1.75,13,13,23,7151516,1010000000000.0,419000000000.0,77692307692.3077,1.5851530830773193,12,25,12;14;15;16;17;18;19;20;21;22;23;24;25,170583;135340;99267;135758;206647;439547;649168;745593;985019;1287983;1706462;561264;28885,349000000;277000000;407000000;834000000;2120000000;7200000000;17300000000;35100000000;80700000000;182000000000;419000000000;241000000000;21800000000,grid
b1p75_g14,1.75,14,14,23,7151516,1010000000000.0,419000000000.0,72142857142.85715,1.668120062511872,11,25,11;13;14;15;16;17;18;19;20;21;22;23;24;25,124991;102482;78450;99267;135758;206647;439547;649168;745593;985019;1287983;1706462;561264;28885,256000000;210000000;161000000;407000000;834000000;2120000000;7200000000;17300000000;35100000000;80700000000;182000000000;419000000000;241000000000;21800000000,grid
b1p75_g15,1.75,15,15,23,7151516,1010000000000.0,419000000000.0,67333333333.333336,1.7471522706556435,10,25,10;12;13;14;15;16;17;18;19;20;21;22;23;24;25,86861;83722;56890;78450;99267;135758;206647;439547;649168;745593;985019;1287983;1706462;561264;28885,178000000;171000000;117000000;161000000;407000000;834000000;2120000000;7200000000;17300000000;35100000000;80700000000;182000000000;419000000000;241000000000;21800000000,grid
b1p75_g16,1.75,16,16,23,7151516,1010000000000.0,419000000000.0,63125000000.0,1.8227608070782535,9,25,9;11;12;13;14;15;16;17;18;19;20;21;22;23;24;25,56264;68727;45592;56890;78450;99267;135758;206647;439547;649168;745593;985019;1287983;1706462;561264;28885,115000000;141000000;93400000;117000000;161000000;407000000;834000000;2120000000;7200000000;17300000000;35100000000;80700000000;182000000000;419000000000;241000000000;21800000000,grid
b1p75_g17,1.75,17,17,23,7151516,1010000000000.0,419000000000.0,59411764705.882355,1.8953557350356105,8,25,8;10;11;12;13;14;15;16;17;18;19;20;21;22;23;24;25,35678;51183;38130;45592;56890;78450;99267;135758;206647;439547;649168;745593;985019;1287983;1706462;561264;28885,73100000;105000000;78100000;93400000;117000000;161000000;407000000;834000000;2120000000;7200000000;17300000000;35100000000;80700000000;182000000000;419000000000;241000000000;21800000000,grid
b1p75_g18,1.75,18,18,23,7151516,1010000000000.0,419000000000.0,56111111111.111115,1.9652710826064939,7,25,7;9;10;11;12;13;14;15;16;17;18;19;20;21;22;23;24;25,22606;33658;30597;38130;45592;56890;78450;99267;135758;206647;439547;649168;745593;985019;1287983;1706462;561264;28885,46300000;69000000;62700000;78100000;93400000;117000000;161000000;407000000;834000000;2120000000;7200000000;17300000000;35100000000;80700000000;182000000000;419000000000;241000000000;21800000000,grid
b1p75_g19,1.75,19,19,23,7151516,1010000000000.0,419000000000.0,53157894736.8421,2.0327984839602,6,25,6;8;9;10;11;12;13;14;15;16;17;18;19;20;21;22;23;24;25,15351;20327;20586;30597;38130;45592;56890;78450;99267;135758;206647;439547;649168;745593;985019;1287983;1706462;561264;28885,12500;41600000;42200000;62700000;78100000;93400000;117000000;161000000;407000000;834000000;2120000000;7200000000;17300000000;35100000000;80700000000;182000000000;419000000000;241000000000;21800000000,grid
b1p75_g20,1.75,20,20,23,7151516,1010000000000.0,419000000000.0,50500000000.0,2.0981387989188134,6,25,6;7;8;9;10;11;12;13;14;15;16;17;18;19;20;21;22;23;24;25,15351;7255;13072;20586;30597;38130;45592;56890;78450;99267;135758;206647;439547;649168;745593;985019;1287983;1706462;561264;28885,12500;14900000;26800000;42200000;62700000;78100000;93400000;117000000;161000000;407000000;834000000;2120000000;7200000000;17300000000;35100000000;80700000000;182000000000;419000000000;241000000000;21800000000,grid
b1p75_g23,1.75,23,23,23,7151516,1010000000000.0,419000000000.0,43913043478.26087,2.2829667568546212,3,25,3;4;5;6;7;8;9;10;11;12;13;14;15;16;17;18;19;20;21;22;23;24;25,2815;2778;4021;5737;7255;13072;20586;30597;38130;45592;56890;78450;99267;135758;206647;439547;649168;745593;985019;1287983;1706462;561264;28885,12500;12500;12500;12500;14900000;26800000;42200000;62700000;78100000;93400000;117000000;161000000;407000000;834000000;2120000000;7200000000;17300000000;35100000000;80700000000;182000000000;419000000000;241000000000;21800000000,natural
b2p0_g01,2.0,1,1,19,7151516,5420000000000.0,5420000000000.0,5420000000000.0,0.0,20,20,20,7151516,5420000000000,grid
b2p0_g02,2.0,2,2,19,7151516,2170000000000.0,1090000000000.0,1085000000000.0,0.004608294930875576,18,20,18;20,5721824;1429692,1090000000000;1080000000000,grid
b2p0_g03,2.0,3,3,19,7151516,1800000000000.0,1080000000000.0,600000000000.0,0.5656862433592723,17,20,17;18;20,3908420;1813404;1429692,376000000000;345000000000;1080000000000,grid
b2p0_g04,2.0,4,4,19,7151516,1280000000000.0,523000000000.0,320000000000.0,0.5513079263782628,17,20,17;18;19;20,3908420;1813404;1379495;50197,376000000000;345000000000;523000000000;38000000000,grid
b2p0_g05,2.0,5,5,19,7151516,1160000000000.0,523000000000.0,232000000000.0,0.7651948684371327,16,20,16;17;18;19;20,2628834;1279586;1813404;1379495;50197,129000000000;123000000000;345000000000;523000000000;38000000000,grid
b2p0_g06,2.0,6,6,19,7151516,1120000000000.0,523000000000.0,186666666666.66666,0.9909155765487486,15,20,15;16;17;18;19;20,1711650;917184;1279586;1813404;1379495;50197,42100000000;45100000000;123000000000;345000000000;523000000000;38000000000,grid
b2p0_g07,2.0,7,7,19,7151516,1110000000000.0,523000000000.0,158571428571.42856,1.1611100132844587,14,20,14;15;16;17;18;19;20,925743;785907;917184;1279586;1813404;1379495;50197,11400000000;19300000000;45100000000;123000000000;345000000000;523000000000;38000000000,grid
b2p0_g08,2.0,8,8,19,7151516,1100000000000.0,523000000000.0,137500000000.0,1.311163414996943,13,20,13;14;15;16;17;18;19;20,605251;320492;785907;917184;1279586;1813404;1379495;50197,3720000000;3940000000;19300000000;45100000000;123000000000;345000000000;523000000000;38000000000,grid
b2p0_g09,2.0,9,9,19,7151516,1100000000000.0,523000000000.0,122222222222.22223,1.4355341792926266,12,20,12;13;14;15;16;17;18;19;20,416839;188412;320492;785907;917184;1279586;1813404;1379495;50197,1710000000;1160000000;3940000000;19300000000;45100000000;123000000000;345000000000;523000000000;38000000000,grid
b2p0_g10,2.0,10,10,19,7151516,1100000000000.0,523000000000.0,110000000000.0,1.5498277286644442,11,20,11;12;13;14;15;16;17;18;19;20,294072;122767;188412;320492;785907;917184;1279586;1813404;1379495;50197,602000000;503000000;1160000000;3940000000;19300000000;45100000000;123000000000;345000000000;523000000000;38000000000,grid
b2p0_g11,2.0,11,11,19,7151516,1100000000000.0,523000000000.0,100000000000.0,1.6559254586292114,9,20,9;11;12;13;14;15;16;17;18;19;20,141139;152933;122767;188412;320492;785907;917184;1279586;1813404;1379495;50197,289000000;313000000;503000000;1160000000;3940000000;19300000000;45100000000;123000000000;345000000000;523000000000;38000000000,grid
b2p0_g12,2.0,12,12,19,7151516,1100000000000.0,523000000000.0,91666666666.66667,1.7556227818579113,8,20,8;10;11;12;13;14;15;16;17;18;19;20,91711;112219;90142;122767;188412;320492;785907;917184;1279586;1813404;1379495;50197,188000000;230000000;185000000;503000000;1160000000;3940000000;19300000000;45100000000;123000000000;345000000000;523000000000;38000000000,grid
b2p0_g13,2.0,13,13,19,7151516,1100000000000.0,523000000000.0,84615384615.38461,1.849955577712812,7,20,7;9;10;11;12;13;14;15;16;17;18;19;20,53811;87328;62791;90142;122767;188412;320492;785907;917184;1279586;1813404;1379495;50197,110000000;179000000;129000000;185000000;503000000;1160000000;3940000000;19300000000;45100000000;123000000000;345000000000;523000000000;38000000000,grid
b2p0_g14,2.0,14,14,19,7151516,1100000000000.0,523000000000.0,78571428571.42857,1.9397063549530265,7,20,7;8;9;10;11;12;13;14;15;16;17;18;19;20,53811;37900;49428;62791;90142;122767;188412;320492;785907;917184;1279586;1813404;1379495;50197,110000000;77600000;101000000;129000000;185000000;503000000;1160000000;3940000000;19300000000;45100000000;123000000000;345000000000;523000000000;38000000000,grid
b2p0_g15,2.0,15,15,19,7151516,1100000000000.0,523000000000.0,73333333333.33333,2.025483856582981,6,20,6;7;8;9;10;11;12;13;14;15;16;17;18;19;20,30820;22991;37900;49428;62791;90142;122767;188412;320492;785907;917184;1279586;1813404;1379495;50197,63100000;47100000;77600000;101000000;129000000;185000000;503000000;1160000000;3940000000;19300000000;45100000000;123000000000;345000000000;523000000000;38000000000,grid
b2p0_g16,2.0,16,16,19,7151516,1100000000000.0,523000000000.0,68750000000.0,2.1077894628309752,5,20,5;6;7;8;9;10;11;12;13;14;15;16;17;18;19;20,18026;12794;22991;37900;49428;62791;90142;122767;188412;320492;785907;917184;1279586;1813404;1379495;50197,12500;26200000;47100000;77600000;101000000;129000000;185000000;503000000;1160000000;3940000000;19300000000;45100000000;123000000000;345000000000;523000000000;38000000000,grid
b2p0_g17,2.0,17,17,19,7151516,1100000000000.0,523000000000.0,64705882352.94118,2.1869844388802684,2,20,2;5;6;7;8;9;10;11;12;13;14;15;16;17;18;19;20,1220;16806;12794;22991;37900;49428;62791;90142;122767;188412;320492;785907;917184;1279586;1813404;1379495;50197,12500;12500;26200000;47100000;77600000;101000000;129000000;185000000;503000000;1160000000;3940000000;19300000000;45100000000;123000000000;345000000000;523000000000;38000000000,grid
b2p0_g18,2.0,18,18,19,7151516,1100000000000.0,523000000000.0,61111111111.111115,2.2634101378644558,2,20,2;3;5;6;7;8;9;10;11;12;13;14;15;16;17;18;19;20,1220;4027;12779;12794;22991;37900;49428;62791;90142;122767;188412;320492;785907;917184;1279586;1813404;1379495;50197,12500;12500;12500;26200000;47100000;77600000;101000000;129000000;185000000;503000000;1160000000;3940000000;19300000000;45100000000;123000000000;345000000000;523000000000;38000000000,grid
b2p0_g19,2.0,19,19,19,7151516,1100000000000.0,523000000000.0,57894736842.10526,2.3373382229516433,2,20,2;3;4;5;6;7;8;9;10;11;12;13;14;15;16;17;18;19;20,1220;4027;5161;7618;12794;22991;37900;49428;62791;90142;122767;188412;320492;785907;917184;1279586;1813404;1379495;50197,12500;12500;12500;12500;26200000;47100000;77600000;101000000;129000000;185000000;503000000;1160000000;3940000000;19300000000;45100000000;123000000000;345000000000;523000000000;38000000000,grid+natural
